subject,session,trial,sample_in_trial,trial_length,position_pct,true_label,pred_label
0,0,3,93,227,41.0,0,1
0,0,3,94,227,41.4,0,1
0,0,3,95,227,41.9,0,1
0,0,3,96,227,42.3,0,1
0,0,3,97,227,42.7,0,1
0,0,3,98,227,43.2,0,1
0,0,3,99,227,43.6,0,1
0,0,3,100,227,44.1,0,1
0,0,3,101,227,44.5,0,1
0,0,3,102,227,44.9,0,1
0,0,3,103,227,45.4,0,1
0,0,3,104,227,45.8,0,1
0,0,3,105,227,46.3,0,1
0,0,3,106,227,46.7,0,1
0,0,3,107,227,47.1,0,1
0,0,3,108,227,47.6,0,1
0,0,3,109,227,48.0,0,1
0,0,3,110,227,48.5,0,1
0,0,3,111,227,48.9,0,1
0,0,3,112,227,49.3,0,1
0,0,3,113,227,49.8,0,1
0,0,3,114,227,50.2,0,1
0,0,3,115,227,50.7,0,1
0,0,3,116,227,51.1,0,1
0,0,3,117,227,51.5,0,1
0,0,3,118,227,52.0,0,1
0,0,3,119,227,52.4,0,1
0,0,3,120,227,52.9,0,1
0,0,3,121,227,53.3,0,1
0,0,3,122,227,53.7,0,1
0,0,3,123,227,54.2,0,1
0,0,3,124,227,54.6,0,1
0,0,3,125,227,55.1,0,1
0,0,3,126,227,55.5,0,1
0,0,3,127,227,55.9,0,1
0,0,3,128,227,56.4,0,1
0,0,3,129,227,56.8,0,1
0,0,3,130,227,57.3,0,1
0,0,3,131,227,57.7,0,1
0,0,3,132,227,58.1,0,1
0,0,3,133,227,58.6,0,1
0,0,3,134,227,59.0,0,1
0,0,3,135,227,59.5,0,1
0,0,3,136,227,59.9,0,1
0,0,3,137,227,60.4,0,1
0,0,3,138,227,60.8,0,1
0,0,3,139,227,61.2,0,1
0,0,3,140,227,61.7,0,1
0,0,3,141,227,62.1,0,1
0,0,3,142,227,62.6,0,1
0,0,3,143,227,63.0,0,1
0,0,3,144,227,63.4,0,1
0,0,3,145,227,63.9,0,1
0,0,3,146,227,64.3,0,1
0,0,3,147,227,64.8,0,1
0,0,3,148,227,65.2,0,1
0,0,3,149,227,65.6,0,1
0,0,3,150,227,66.1,0,1
0,0,3,151,227,66.5,0,1
0,0,3,152,227,67.0,0,1
0,0,3,153,227,67.4,0,1
0,0,3,154,227,67.8,0,1
0,0,3,155,227,68.3,0,1
0,0,3,156,227,68.7,0,1
0,0,3,157,227,69.2,0,1
0,0,3,158,227,69.6,0,1
0,0,3,159,227,70.0,0,1
0,0,3,160,227,70.5,0,1
0,0,3,161,227,70.9,0,1
0,0,3,162,227,71.4,0,1
0,0,3,163,227,71.8,0,1
0,0,3,164,227,72.2,0,1
0,0,3,165,227,72.7,0,1
0,0,3,166,227,73.1,0,1
0,0,3,167,227,73.6,0,1
0,0,3,168,227,74.0,0,1
0,0,3,169,227,74.4,0,1
0,0,3,170,227,74.9,0,1
0,0,3,171,227,75.3,0,1
0,0,3,172,227,75.8,0,1
0,0,3,173,227,76.2,0,1
0,0,3,174,227,76.7,0,1
0,0,3,175,227,77.1,0,1
0,0,3,176,227,77.5,0,1
0,0,3,177,227,78.0,0,1
0,0,3,178,227,78.4,0,1
0,0,3,179,227,78.9,0,1
0,0,3,180,227,79.3,0,1
0,0,3,181,227,79.7,0,1
0,0,3,182,227,80.2,0,1
0,0,3,183,227,80.6,0,1
0,0,3,184,227,81.1,0,1
0,0,3,185,227,81.5,0,1
0,0,3,186,227,81.9,0,1
0,0,3,187,227,82.4,0,1
0,0,6,8,226,3.5,0,1
0,0,6,9,226,4.0,0,1
0,0,6,10,226,4.4,0,1
0,0,6,11,226,4.9,0,1
0,0,6,12,226,5.3,0,1
0,0,6,13,226,5.8,0,1
0,0,6,14,226,6.2,0,1
1,0,4,0,176,0.0,1,0
1,0,4,1,176,0.6,1,0
1,0,4,2,176,1.1,1,0
1,0,4,3,176,1.7,1,0
1,0,4,4,176,2.3,1,0
1,0,4,5,176,2.8,1,0
1,0,4,6,176,3.4,1,0
1,0,4,7,176,4.0,1,0
1,0,4,8,176,4.5,1,0
1,0,4,9,176,5.1,1,0
1,0,4,10,176,5.7,1,0
1,0,4,11,176,6.2,1,0
1,0,4,12,176,6.8,1,0
1,0,4,13,176,7.4,1,0
1,0,4,14,176,8.0,1,0
1,0,4,15,176,8.5,1,0
1,0,4,16,176,9.1,1,0
1,0,4,17,176,9.7,1,0
1,0,4,18,176,10.2,1,0
1,0,4,19,176,10.8,1,0
1,0,4,20,176,11.4,1,0
1,0,4,21,176,11.9,1,0
1,0,4,22,176,12.5,1,0
1,0,4,23,176,13.1,1,0
1,0,4,24,176,13.6,1,0
1,0,4,25,176,14.2,1,0
1,0,4,26,176,14.8,1,0
1,0,4,27,176,15.3,1,0
1,0,4,28,176,15.9,1,0
1,0,4,29,176,16.5,1,0
1,0,4,30,176,17.0,1,0
1,0,4,31,176,17.6,1,0
1,0,4,32,176,18.2,1,0
1,0,4,33,176,18.8,1,0
1,0,4,34,176,19.3,1,0
1,0,4,35,176,19.9,1,0
1,0,4,36,176,20.5,1,0
1,0,4,37,176,21.0,1,0
1,0,4,38,176,21.6,1,0
1,0,4,39,176,22.2,1,0
1,0,4,40,176,22.7,1,0
1,0,4,41,176,23.3,1,0
1,0,4,42,176,23.9,1,0
1,0,4,43,176,24.4,1,0
1,0,4,44,176,25.0,1,0
1,0,4,45,176,25.6,1,0
1,0,4,46,176,26.1,1,0
1,0,4,47,176,26.7,1,0
1,0,4,48,176,27.3,1,0
1,0,4,49,176,27.8,1,0
1,0,4,50,176,28.4,1,0
1,0,4,51,176,29.0,1,0
1,0,4,52,176,29.5,1,0
1,0,4,53,176,30.1,1,0
1,0,4,54,176,30.7,1,0
1,0,4,55,176,31.2,1,0
1,0,4,56,176,31.8,1,0
1,0,4,57,176,32.4,1,0
1,0,4,58,176,33.0,1,0
1,0,4,59,176,33.5,1,0
1,0,4,60,176,34.1,1,0
1,0,4,142,176,80.7,1,0
1,0,4,143,176,81.2,1,0
1,0,4,144,176,81.8,1,0
1,0,4,145,176,82.4,1,0
1,0,4,146,176,83.0,1,0
1,0,4,147,176,83.5,1,0
1,0,4,148,176,84.1,1,0
1,0,4,149,176,84.7,1,0
1,0,4,150,176,85.2,1,0
1,0,4,151,176,85.8,1,0
1,0,4,152,176,86.4,1,0
1,0,4,153,176,86.9,1,0
1,0,4,154,176,87.5,1,0
1,0,4,155,176,88.1,1,0
1,0,4,156,176,88.6,1,0
1,0,4,157,176,89.2,1,0
1,0,4,158,176,89.8,1,0
1,0,4,159,176,90.3,1,0
1,0,4,160,176,90.9,1,0
1,0,4,161,176,91.5,1,0
1,0,4,162,176,92.0,1,0
1,0,4,163,176,92.6,1,0
1,0,4,164,176,93.2,1,0
1,0,4,165,176,93.8,1,0
1,0,4,166,176,94.3,1,0
1,0,4,167,176,94.9,1,0
1,0,4,168,176,95.5,1,0
1,0,4,169,176,96.0,1,0
1,0,4,170,176,96.6,1,0
1,0,4,171,176,97.2,1,0
1,0,4,172,176,97.7,1,0
1,0,4,173,176,98.3,1,0
1,0,4,174,176,98.9,1,0
1,0,4,175,176,99.4,1,0
1,0,5,0,186,0.0,2,0
1,0,5,1,186,0.5,2,0
1,0,5,2,186,1.1,2,0
1,0,5,3,186,1.6,2,0
1,0,5,27,186,14.5,2,0
1,0,5,28,186,15.1,2,0
1,0,5,29,186,15.6,2,0
1,0,5,30,186,16.1,2,0
1,0,5,31,186,16.7,2,0
1,0,5,32,186,17.2,2,0
1,0,5,33,186,17.7,2,0
1,0,5,34,186,18.3,2,0
1,0,5,35,186,18.8,2,0
1,0,5,36,186,19.4,2,0
1,0,5,37,186,19.9,2,0
1,0,5,38,186,20.4,2,0
1,0,5,39,186,21.0,2,0
1,0,5,40,186,21.5,2,0
1,0,5,41,186,22.0,2,0
1,0,5,42,186,22.6,2,0
1,0,5,43,186,23.1,2,0
1,0,5,44,186,23.7,2,0
1,0,5,45,186,24.2,2,0
1,0,5,46,186,24.7,2,0
1,0,5,47,186,25.3,2,0
1,0,5,48,186,25.8,2,0
1,0,5,49,186,26.3,2,0
1,0,5,50,186,26.9,2,0
1,0,5,51,186,27.4,2,0
1,0,5,52,186,28.0,2,0
1,0,5,53,186,28.5,2,0
1,0,5,54,186,29.0,2,0
1,0,5,55,186,29.6,2,0
1,0,5,56,186,30.1,2,0
1,0,5,57,186,30.6,2,0
1,0,5,58,186,31.2,2,0
1,0,5,59,186,31.7,2,0
1,0,5,60,186,32.3,2,0
1,0,5,61,186,32.8,2,0
1,0,5,62,186,33.3,2,0
1,0,5,63,186,33.9,2,0
1,0,5,64,186,34.4,2,0
1,0,5,65,186,34.9,2,0
1,0,5,66,186,35.5,2,0
1,0,5,67,186,36.0,2,0
1,0,8,0,252,0.0,2,0
1,0,8,1,252,0.4,2,0
1,0,8,2,252,0.8,2,0
1,0,8,3,252,1.2,2,0
1,0,8,4,252,1.6,2,0
1,0,8,5,252,2.0,2,0
1,0,8,6,252,2.4,2,0
1,0,8,7,252,2.8,2,0
1,0,8,8,252,3.2,2,0
1,0,8,9,252,3.6,2,0
1,0,8,10,252,4.0,2,0
1,0,8,11,252,4.4,2,0
1,0,8,12,252,4.8,2,0
1,0,8,13,252,5.2,2,0
1,0,8,14,252,5.6,2,0
1,0,8,15,252,6.0,2,0
1,0,8,16,252,6.3,2,0
1,0,8,17,252,6.7,2,0
1,0,8,18,252,7.1,2,0
1,0,8,19,252,7.5,2,0
1,0,8,20,252,7.9,2,0
1,0,8,21,252,8.3,2,0
1,0,8,22,252,8.7,2,0
1,0,8,23,252,9.1,2,0
1,0,8,24,252,9.5,2,0
1,0,8,25,252,9.9,2,0
1,0,10,0,224,0.0,1,2
1,0,10,1,224,0.4,1,2
1,0,10,2,224,0.9,1,2
1,0,10,3,224,1.3,1,2
1,0,10,4,224,1.8,1,2
1,0,10,5,224,2.2,1,2
1,0,10,6,224,2.7,1,2
1,0,10,7,224,3.1,1,2
1,0,10,8,224,3.6,1,2
1,0,10,9,224,4.0,1,2
1,0,10,10,224,4.5,1,2
1,0,10,11,224,4.9,1,2
1,0,10,12,224,5.4,1,2
1,0,10,13,224,5.8,1,2
1,0,10,14,224,6.2,1,2
1,0,10,15,224,6.7,1,2
1,0,10,16,224,7.1,1,2
1,0,10,17,224,7.6,1,2
1,0,10,18,224,8.0,1,2
1,0,10,19,224,8.5,1,2
1,0,10,20,224,8.9,1,2
1,0,10,21,224,9.4,1,2
1,0,10,22,224,9.8,1,2
1,0,10,23,224,10.3,1,2
1,0,10,24,224,10.7,1,2
1,0,10,25,224,11.2,1,2
1,0,10,26,224,11.6,1,2
1,0,10,27,224,12.1,1,2
1,0,10,28,224,12.5,1,2
1,0,10,29,224,12.9,1,2
1,0,10,30,224,13.4,1,2
1,0,10,31,224,13.8,1,2
1,0,10,32,224,14.3,1,2
1,0,10,33,224,14.7,1,2
1,0,10,34,224,15.2,1,2
1,0,10,35,224,15.6,1,2
1,0,10,36,224,16.1,1,2
1,0,10,37,224,16.5,1,2
1,0,10,38,224,17.0,1,2
1,0,10,39,224,17.4,1,2
1,0,10,40,224,17.9,1,2
1,0,10,41,224,18.3,1,2
1,0,10,42,224,18.8,1,2
1,0,10,43,224,19.2,1,2
1,0,10,44,224,19.6,1,2
1,0,10,45,224,20.1,1,2
1,0,10,46,224,20.5,1,2
1,0,10,47,224,21.0,1,2
1,0,10,48,224,21.4,1,2
1,0,10,49,224,21.9,1,2
1,0,10,50,224,22.3,1,2
1,0,10,51,224,22.8,1,2
1,0,10,52,224,23.2,1,2
1,0,10,144,224,64.3,1,0
1,0,10,145,224,64.7,1,0
1,0,10,146,224,65.2,1,0
1,0,10,147,224,65.6,1,0
1,0,10,148,224,66.1,1,0
1,0,10,149,224,66.5,1,2
1,0,10,150,224,67.0,1,2
1,0,10,151,224,67.4,1,2
1,0,10,152,224,67.9,1,2
1,0,10,153,224,68.3,1,2
1,0,10,154,224,68.8,1,2
1,0,10,155,224,69.2,1,2
1,0,10,156,224,69.6,1,2
1,0,10,157,224,70.1,1,2
1,0,10,158,224,70.5,1,2
1,0,10,159,224,71.0,1,2
1,0,10,160,224,71.4,1,2
1,0,10,161,224,71.9,1,2
1,0,10,162,224,72.3,1,2
1,0,10,163,224,72.8,1,2
1,0,10,164,224,73.2,1,2
1,0,10,165,224,73.7,1,2
1,0,10,166,224,74.1,1,2
1,0,10,167,224,74.6,1,2
1,0,10,168,224,75.0,1,2
1,0,10,169,224,75.4,1,2
1,0,10,170,224,75.9,1,2
1,0,10,171,224,76.3,1,2
1,0,10,172,224,76.8,1,2
1,0,10,173,224,77.2,1,2
1,0,10,174,224,77.7,1,2
1,0,10,175,224,78.1,1,2
1,0,10,176,224,78.6,1,2
1,0,10,177,224,79.0,1,2
1,0,10,178,224,79.5,1,2
1,0,10,179,224,79.9,1,2
1,0,10,180,224,80.4,1,2
1,0,10,181,224,80.8,1,2
1,0,10,182,224,81.2,1,2
1,0,10,183,224,81.7,1,2
1,0,10,184,224,82.1,1,2
1,0,10,185,224,82.6,1,2
1,0,10,186,224,83.0,1,2
1,0,10,187,224,83.5,1,2
1,0,10,188,224,83.9,1,2
1,0,10,189,224,84.4,1,2
1,0,10,190,224,84.8,1,2
1,0,10,191,224,85.3,1,2
1,0,10,192,224,85.7,1,2
1,0,10,193,224,86.2,1,2
1,0,10,194,224,86.6,1,2
1,0,10,195,224,87.1,1,2
1,0,10,196,224,87.5,1,2
1,0,10,197,224,87.9,1,2
1,0,10,198,224,88.4,1,2
1,0,10,199,224,88.8,1,2
1,0,10,200,224,89.3,1,2
1,0,10,201,224,89.7,1,2
1,0,10,202,224,90.2,1,2
1,0,10,203,224,90.6,1,2
1,0,10,204,224,91.1,1,2
1,0,10,205,224,91.5,1,2
1,0,10,206,224,92.0,1,2
1,0,10,207,224,92.4,1,2
1,0,10,208,224,92.9,1,2
1,0,10,209,224,93.3,1,2
1,0,10,210,224,93.8,1,2
1,0,10,211,224,94.2,1,2
1,0,10,212,224,94.6,1,2
1,0,10,213,224,95.1,1,2
1,0,10,214,224,95.5,1,2
1,0,10,215,224,96.0,1,2
1,0,10,216,224,96.4,1,2
1,0,10,217,224,96.9,1,2
1,0,10,218,224,97.3,1,2
1,0,10,219,224,97.8,1,2
1,0,10,220,224,98.2,1,2
1,0,10,221,224,98.7,1,2
1,0,10,222,224,99.1,1,2
1,0,10,223,224,99.6,1,2
1,0,11,0,222,0.0,0,1
1,0,11,1,222,0.5,0,1
1,0,11,2,222,0.9,0,1
1,0,11,3,222,1.4,0,1
1,0,11,4,222,1.8,0,1
1,0,11,5,222,2.3,0,1
1,0,11,6,222,2.7,0,1
1,0,11,7,222,3.2,0,1
1,0,11,8,222,3.6,0,1
1,0,11,9,222,4.1,0,1
1,0,11,10,222,4.5,0,1
1,0,11,11,222,5.0,0,1
1,0,11,12,222,5.4,0,1
1,0,11,13,222,5.9,0,1
1,0,11,14,222,6.3,0,1
1,0,11,15,222,6.8,0,1
1,0,11,16,222,7.2,0,1
1,0,11,17,222,7.7,0,1
1,0,11,18,222,8.1,0,1
1,0,11,19,222,8.6,0,1
1,0,11,20,222,9.0,0,1
1,0,11,21,222,9.5,0,1
1,0,11,22,222,9.9,0,1
1,0,11,23,222,10.4,0,1
1,0,11,36,222,16.2,0,1
1,0,11,37,222,16.7,0,1
1,0,11,38,222,17.1,0,1
1,0,11,39,222,17.6,0,1
1,0,11,40,222,18.0,0,1
1,0,11,41,222,18.5,0,1
1,0,11,42,222,18.9,0,1
1,0,11,43,222,19.4,0,1
1,0,11,44,222,19.8,0,1
1,0,11,45,222,20.3,0,1
1,0,11,46,222,20.7,0,1
1,0,11,47,222,21.2,0,1
1,0,11,48,222,21.6,0,1
1,0,11,49,222,22.1,0,1
1,0,11,50,222,22.5,0,1
1,0,11,51,222,23.0,0,1
1,0,11,52,222,23.4,0,1
1,0,11,53,222,23.9,0,1
1,0,11,54,222,24.3,0,1
1,0,11,55,222,24.8,0,1
1,0,13,42,227,18.5,2,0
1,0,13,43,227,18.9,2,0
1,0,13,44,227,19.4,2,0
1,0,13,45,227,19.8,2,1
1,0,13,46,227,20.3,2,1
1,0,13,47,227,20.7,2,1
1,0,13,48,227,21.1,2,1
1,0,13,49,227,21.6,2,1
1,0,13,50,227,22.0,2,1
1,0,13,51,227,22.5,2,1
1,0,13,52,227,22.9,2,1
1,0,13,53,227,23.3,2,1
1,0,13,54,227,23.8,2,1
1,0,13,55,227,24.2,2,1
1,0,13,56,227,24.7,2,0
1,0,13,57,227,25.1,2,0
1,0,13,58,227,25.6,2,0
1,0,13,59,227,26.0,2,0
1,0,13,60,227,26.4,2,0
1,0,13,61,227,26.9,2,0
1,0,13,62,227,27.3,2,0
1,0,13,63,227,27.8,2,0
1,0,13,64,227,28.2,2,0
1,0,13,65,227,28.6,2,0
1,0,13,66,227,29.1,2,0
1,0,13,67,227,29.5,2,0
1,0,13,68,227,30.0,2,0
1,0,13,69,227,30.4,2,0
1,0,13,70,227,30.8,2,0
1,0,13,71,227,31.3,2,0
1,0,13,72,227,31.7,2,0
1,0,13,73,227,32.2,2,0
1,0,13,74,227,32.6,2,0
1,0,13,75,227,33.0,2,0
1,0,13,76,227,33.5,2,0
1,0,13,77,227,33.9,2,0
1,0,13,78,227,34.4,2,0
1,0,13,79,227,34.8,2,0
1,0,13,80,227,35.2,2,0
1,0,13,81,227,35.7,2,0
1,0,13,82,227,36.1,2,0
1,0,13,83,227,36.6,2,0
1,0,13,84,227,37.0,2,0
1,0,13,85,227,37.4,2,0
1,0,13,86,227,37.9,2,0
1,0,13,87,227,38.3,2,0
1,0,13,88,227,38.8,2,0
1,0,13,89,227,39.2,2,0
1,0,13,90,227,39.6,2,0
1,0,13,91,227,40.1,2,0
1,0,13,92,227,40.5,2,0
1,0,13,93,227,41.0,2,0
1,0,13,94,227,41.4,2,0
1,0,13,95,227,41.9,2,0
1,0,13,96,227,42.3,2,0
1,0,13,97,227,42.7,2,0
1,0,13,98,227,43.2,2,0
1,0,13,99,227,43.6,2,0
1,0,13,100,227,44.1,2,0
1,0,13,101,227,44.5,2,0
1,0,13,102,227,44.9,2,0
1,0,13,103,227,45.4,2,0
1,0,13,104,227,45.8,2,0
1,0,13,105,227,46.3,2,0
1,0,13,106,227,46.7,2,0
1,0,13,107,227,47.1,2,0
1,0,13,108,227,47.6,2,0
1,0,13,109,227,48.0,2,0
1,0,13,110,227,48.5,2,0
1,0,13,111,227,48.9,2,0
1,0,13,112,227,49.3,2,0
1,0,13,113,227,49.8,2,0
1,0,13,114,227,50.2,2,0
1,0,13,115,227,50.7,2,0
1,0,13,116,227,51.1,2,0
1,0,13,117,227,51.5,2,0
1,0,13,118,227,52.0,2,0
1,0,13,119,227,52.4,2,0
1,0,13,120,227,52.9,2,0
1,0,13,121,227,53.3,2,0
1,0,13,122,227,53.7,2,0
1,0,13,123,227,54.2,2,0
1,0,14,0,196,0.0,0,2
1,0,14,1,196,0.5,0,2
1,0,14,2,196,1.0,0,2
1,0,14,3,196,1.5,0,2
1,0,14,4,196,2.0,0,2
1,0,14,5,196,2.6,0,2
1,0,14,6,196,3.1,0,2
1,0,14,89,196,45.4,0,2
1,0,14,90,196,45.9,0,2
1,0,14,91,196,46.4,0,2
1,0,14,92,196,46.9,0,2
1,0,14,93,196,47.4,0,2
1,0,14,94,196,48.0,0,2
1,0,14,95,196,48.5,0,2
1,0,14,96,196,49.0,0,2
1,0,14,97,196,49.5,0,2
1,0,14,98,196,50.0,0,2
1,0,14,99,196,50.5,0,2
1,0,14,100,196,51.0,0,2
1,0,14,101,196,51.5,0,2
1,0,14,102,196,52.0,0,2
1,0,14,103,196,52.6,0,2
1,0,14,104,196,53.1,0,2
1,0,14,105,196,53.6,0,2
1,0,14,106,196,54.1,0,2
1,0,14,107,196,54.6,0,2
1,0,14,108,196,55.1,0,2
1,0,14,109,196,55.6,0,2
1,0,14,110,196,56.1,0,2
1,0,14,111,196,56.6,0,2
1,0,14,112,196,57.1,0,2
1,0,14,113,196,57.7,0,2
1,0,14,114,196,58.2,0,2
1,0,14,115,196,58.7,0,2
1,0,14,116,196,59.2,0,2
1,0,14,117,196,59.7,0,2
1,0,14,118,196,60.2,0,2
1,0,14,119,196,60.7,0,2
1,0,14,120,196,61.2,0,2
1,0,14,121,196,61.7,0,2
1,0,14,122,196,62.2,0,2
1,0,14,123,196,62.8,0,2
1,0,14,124,196,63.3,0,2
1,0,14,125,196,63.8,0,2
1,0,14,126,196,64.3,0,2
1,0,14,127,196,64.8,0,2
1,0,14,128,196,65.3,0,2
1,0,14,129,196,65.8,0,2
1,0,14,130,196,66.3,0,2
1,0,14,131,196,66.8,0,2
1,0,14,132,196,67.3,0,2
1,0,14,133,196,67.9,0,2
1,0,14,134,196,68.4,0,2
1,0,14,135,196,68.9,0,2
1,0,14,136,196,69.4,0,2
1,0,14,137,196,69.9,0,2
1,0,14,138,196,70.4,0,2
1,0,14,139,196,70.9,0,2
1,0,14,140,196,71.4,0,2
1,0,14,141,196,71.9,0,2
1,0,14,142,196,72.4,0,2
1,0,14,143,196,73.0,0,2
1,0,14,144,196,73.5,0,2
1,0,14,145,196,74.0,0,2
1,0,14,146,196,74.5,0,2
1,0,14,147,196,75.0,0,2
1,0,14,148,196,75.5,0,2
1,0,14,149,196,76.0,0,2
1,0,14,150,196,76.5,0,2
1,0,14,151,196,77.0,0,2
1,0,14,152,196,77.6,0,2
1,0,14,153,196,78.1,0,2
1,0,14,154,196,78.6,0,2
1,0,14,155,196,79.1,0,2
1,0,14,156,196,79.6,0,2
1,0,14,157,196,80.1,0,2
1,0,14,158,196,80.6,0,2
1,0,14,159,196,81.1,0,2
1,0,14,160,196,81.6,0,2
1,0,14,161,196,82.1,0,2
1,0,14,162,196,82.7,0,2
1,0,14,163,196,83.2,0,2
1,0,14,164,196,83.7,0,2
1,0,14,165,196,84.2,0,2
1,0,14,166,196,84.7,0,2
1,0,14,167,196,85.2,0,2
1,0,14,168,196,85.7,0,2
1,0,14,169,196,86.2,0,2
1,0,14,170,196,86.7,0,2
1,0,14,171,196,87.2,0,2
1,0,14,172,196,87.8,0,2
1,0,14,173,196,88.3,0,2
1,0,14,174,196,88.8,0,2
1,0,14,175,196,89.3,0,2
1,0,14,176,196,89.8,0,2
1,0,14,177,196,90.3,0,2
1,0,14,178,196,90.8,0,2
1,0,14,179,196,91.3,0,2
1,0,14,180,196,91.8,0,2
1,0,14,181,196,92.3,0,2
1,0,14,182,196,92.9,0,2
1,0,14,183,196,93.4,0,2
1,0,14,184,196,93.9,0,2
1,0,14,185,196,94.4,0,2
1,0,14,186,196,94.9,0,2
1,0,14,187,196,95.4,0,2
1,0,14,188,196,95.9,0,2
1,0,14,189,196,96.4,0,2
1,0,14,190,196,96.9,0,2
1,0,14,191,196,97.4,0,2
1,0,14,192,196,98.0,0,2
1,0,14,193,196,98.5,0,2
1,0,14,194,196,99.0,0,2
1,0,14,195,196,99.5,0,2
2,0,5,0,186,0.0,2,0
2,0,5,1,186,0.5,2,0
2,0,5,2,186,1.1,2,0
2,0,5,3,186,1.6,2,0
2,0,5,4,186,2.2,2,0
2,0,5,5,186,2.7,2,0
2,0,5,6,186,3.2,2,0
2,0,5,7,186,3.8,2,0
2,0,5,8,186,4.3,2,0
2,0,5,9,186,4.8,2,0
2,0,5,10,186,5.4,2,0
2,0,5,11,186,5.9,2,0
2,0,5,12,186,6.5,2,0
2,0,5,13,186,7.0,2,0
2,0,5,14,186,7.5,2,0
2,0,5,15,186,8.1,2,0
2,0,5,16,186,8.6,2,0
2,0,5,17,186,9.1,2,0
2,0,5,18,186,9.7,2,0
2,0,5,19,186,10.2,2,0
2,0,5,20,186,10.8,2,0
2,0,5,21,186,11.3,2,0
2,0,5,22,186,11.8,2,0
2,0,5,23,186,12.4,2,0
2,0,5,24,186,12.9,2,0
2,0,5,25,186,13.4,2,0
2,0,5,26,186,14.0,2,0
2,0,5,27,186,14.5,2,0
2,0,5,28,186,15.1,2,0
2,0,5,29,186,15.6,2,0
2,0,5,30,186,16.1,2,0
2,0,5,31,186,16.7,2,0
2,0,5,32,186,17.2,2,0
2,0,5,33,186,17.7,2,0
2,0,5,34,186,18.3,2,0
2,0,5,35,186,18.8,2,0
2,0,5,36,186,19.4,2,0
2,0,5,37,186,19.9,2,0
2,0,5,38,186,20.4,2,0
2,0,5,39,186,21.0,2,0
2,0,5,40,186,21.5,2,0
2,0,5,41,186,22.0,2,0
2,0,5,42,186,22.6,2,0
2,0,5,43,186,23.1,2,0
2,0,5,44,186,23.7,2,0
2,0,5,45,186,24.2,2,0
2,0,5,46,186,24.7,2,0
2,0,5,47,186,25.3,2,0
2,0,5,48,186,25.8,2,0
2,0,5,49,186,26.3,2,0
2,0,5,50,186,26.9,2,0
2,0,5,51,186,27.4,2,0
2,0,5,52,186,28.0,2,0
2,0,5,53,186,28.5,2,0
2,0,5,54,186,29.0,2,0
2,0,5,55,186,29.6,2,0
2,0,5,56,186,30.1,2,0
2,0,5,57,186,30.6,2,0
2,0,5,58,186,31.2,2,0
2,0,5,59,186,31.7,2,0
2,0,5,60,186,32.3,2,0
2,0,5,61,186,32.8,2,0
2,0,5,62,186,33.3,2,0
2,0,5,63,186,33.9,2,0
2,0,5,64,186,34.4,2,0
2,0,5,65,186,34.9,2,0
2,0,5,66,186,35.5,2,0
2,0,5,67,186,36.0,2,0
2,0,5,68,186,36.6,2,0
2,0,8,47,252,18.7,2,0
2,0,8,48,252,19.0,2,0
2,0,8,49,252,19.4,2,0
2,0,8,50,252,19.8,2,0
2,0,8,51,252,20.2,2,0
2,0,14,107,196,54.6,0,2
2,0,14,108,196,55.1,0,2
2,0,14,109,196,55.6,0,2
2,0,14,110,196,56.1,0,2
2,0,14,111,196,56.6,0,2
2,0,14,112,196,57.1,0,2
2,0,14,113,196,57.7,0,2
2,0,14,114,196,58.2,0,2
2,0,14,115,196,58.7,0,2
2,0,14,116,196,59.2,0,2
2,0,14,117,196,59.7,0,2
2,0,14,118,196,60.2,0,2
2,0,14,119,196,60.7,0,2
2,0,14,120,196,61.2,0,2
2,0,14,121,196,61.7,0,2
2,0,14,122,196,62.2,0,2
2,0,14,123,196,62.8,0,2
2,0,14,124,196,63.3,0,2
2,0,14,125,196,63.8,0,2
2,0,14,126,196,64.3,0,2
2,0,14,127,196,64.8,0,2
2,0,14,128,196,65.3,0,2
2,0,14,129,196,65.8,0,2
2,0,14,130,196,66.3,0,2
2,0,14,131,196,66.8,0,2
2,0,14,132,196,67.3,0,2
2,0,14,133,196,67.9,0,2
2,0,14,134,196,68.4,0,2
2,0,14,135,196,68.9,0,2
2,0,14,136,196,69.4,0,2
2,0,14,137,196,69.9,0,2
2,0,14,138,196,70.4,0,2
2,0,14,139,196,70.9,0,2
2,0,14,140,196,71.4,0,2
2,0,14,141,196,71.9,0,2
2,0,14,142,196,72.4,0,2
2,0,14,143,196,73.0,0,2
2,0,14,144,196,73.5,0,2
2,0,14,145,196,74.0,0,2
2,0,14,146,196,74.5,0,2
2,0,14,147,196,75.0,0,2
2,0,14,148,196,75.5,0,2
2,0,14,149,196,76.0,0,2
2,0,14,150,196,76.5,0,2
2,0,14,151,196,77.0,0,2
2,0,14,152,196,77.6,0,2
2,0,14,153,196,78.1,0,2
2,0,14,154,196,78.6,0,2
2,0,14,155,196,79.1,0,2
2,0,14,156,196,79.6,0,2
2,0,14,157,196,80.1,0,2
2,0,14,158,196,80.6,0,2
2,0,14,159,196,81.1,0,2
2,0,14,160,196,81.6,0,2
2,0,14,161,196,82.1,0,2
2,0,14,162,196,82.7,0,2
2,0,14,163,196,83.2,0,2
2,0,14,164,196,83.7,0,2
2,0,14,165,196,84.2,0,2
2,0,14,166,196,84.7,0,2
2,0,14,167,196,85.2,0,2
2,0,14,168,196,85.7,0,2
2,0,14,169,196,86.2,0,2
2,0,14,170,196,86.7,0,2
2,0,14,171,196,87.2,0,2
2,0,14,172,196,87.8,0,2
2,0,14,173,196,88.3,0,2
2,0,14,174,196,88.8,0,2
2,0,14,175,196,89.3,0,2
2,0,14,176,196,89.8,0,2
2,0,14,177,196,90.3,0,2
2,0,14,178,196,90.8,0,2
2,0,14,179,196,91.3,0,2
2,0,14,180,196,91.8,0,2
2,0,14,181,196,92.3,0,2
2,0,14,182,196,92.9,0,2
2,0,14,183,196,93.4,0,2
2,0,14,184,196,93.9,0,2
2,0,14,185,196,94.4,0,2
2,0,14,186,196,94.9,0,2
2,0,14,187,196,95.4,0,2
2,0,14,188,196,95.9,0,2
2,0,14,189,196,96.4,0,2
2,0,14,190,196,96.9,0,2
2,0,14,191,196,97.4,0,2
2,0,14,192,196,98.0,0,2
2,0,14,193,196,98.5,0,2
2,0,14,194,196,99.0,0,2
2,0,14,195,196,99.5,0,2
3,0,3,203,227,89.4,0,1
3,0,3,204,227,89.9,0,1
3,0,3,205,227,90.3,0,1
3,0,3,206,227,90.7,0,1
3,0,3,207,227,91.2,0,1
3,0,3,208,227,91.6,0,1
3,0,3,209,227,92.1,0,1
3,0,3,210,227,92.5,0,1
3,0,3,211,227,93.0,0,1
3,0,3,212,227,93.4,0,1
3,0,3,213,227,93.8,0,1
3,0,3,214,227,94.3,0,1
3,0,3,215,227,94.7,0,1
3,0,3,216,227,95.2,0,1
3,0,3,217,227,95.6,0,1
3,0,3,218,227,96.0,0,1
3,0,3,219,227,96.5,0,1
3,0,3,220,227,96.9,0,1
3,0,3,221,227,97.4,0,1
3,0,3,222,227,97.8,0,1
3,0,3,223,227,98.2,0,1
3,0,3,224,227,98.7,0,1
3,0,3,225,227,99.1,0,1
3,0,3,226,227,99.6,0,1
3,0,4,0,176,0.0,1,0
3,0,4,1,176,0.6,1,0
3,0,4,2,176,1.1,1,0
3,0,4,3,176,1.7,1,0
3,0,4,4,176,2.3,1,0
3,0,4,5,176,2.8,1,0
3,0,4,6,176,3.4,1,0
3,0,4,7,176,4.0,1,0
3,0,4,8,176,4.5,1,0
3,0,4,9,176,5.1,1,0
3,0,4,10,176,5.7,1,0
3,0,4,11,176,6.2,1,0
3,0,4,12,176,6.8,1,0
3,0,4,13,176,7.4,1,0
3,0,4,14,176,8.0,1,0
3,0,4,15,176,8.5,1,0
3,0,4,16,176,9.1,1,0
3,0,4,17,176,9.7,1,0
3,0,4,18,176,10.2,1,0
3,0,4,19,176,10.8,1,0
3,0,4,20,176,11.4,1,0
3,0,4,21,176,11.9,1,0
3,0,4,22,176,12.5,1,0
3,0,4,23,176,13.1,1,0
3,0,4,24,176,13.6,1,0
3,0,4,25,176,14.2,1,0
3,0,4,26,176,14.8,1,0
3,0,4,27,176,15.3,1,0
3,0,4,28,176,15.9,1,0
3,0,4,29,176,16.5,1,0
3,0,4,30,176,17.0,1,0
3,0,4,31,176,17.6,1,0
3,0,4,32,176,18.2,1,0
3,0,4,33,176,18.8,1,0
3,0,4,34,176,19.3,1,0
3,0,4,35,176,19.9,1,0
3,0,4,36,176,20.5,1,0
3,0,4,37,176,21.0,1,0
3,0,4,38,176,21.6,1,0
3,0,4,39,176,22.2,1,0
3,0,4,40,176,22.7,1,0
3,0,4,41,176,23.3,1,0
3,0,4,42,176,23.9,1,0
3,0,4,43,176,24.4,1,0
3,0,4,44,176,25.0,1,0
3,0,4,45,176,25.6,1,0
3,0,4,46,176,26.1,1,0
3,0,4,47,176,26.7,1,0
3,0,4,48,176,27.3,1,0
3,0,4,49,176,27.8,1,0
3,0,4,50,176,28.4,1,0
3,0,7,177,206,85.9,1,0
3,0,7,178,206,86.4,1,0
3,0,7,179,206,86.9,1,0
3,0,7,180,206,87.4,1,0
3,0,7,181,206,87.9,1,0
3,0,7,182,206,88.3,1,0
3,0,7,183,206,88.8,1,0
3,0,7,184,206,89.3,1,0
3,0,7,185,206,89.8,1,0
3,0,7,186,206,90.3,1,0
3,0,7,187,206,90.8,1,0
3,0,8,0,252,0.0,2,1
3,0,8,1,252,0.4,2,1
3,0,8,2,252,0.8,2,1
3,0,8,3,252,1.2,2,1
3,0,8,4,252,1.6,2,1
3,0,8,5,252,2.0,2,1
3,0,8,6,252,2.4,2,1
3,0,8,7,252,2.8,2,1
3,0,8,8,252,3.2,2,1
3,0,8,9,252,3.6,2,1
3,0,8,10,252,4.0,2,1
3,0,8,11,252,4.4,2,1
3,0,8,12,252,4.8,2,1
3,0,8,13,252,5.2,2,1
3,0,8,14,252,5.6,2,1
3,0,8,15,252,6.0,2,1
3,0,8,16,252,6.3,2,1
3,0,8,17,252,6.7,2,1
3,0,8,18,252,7.1,2,1
3,0,8,19,252,7.5,2,1
3,0,8,20,252,7.9,2,1
3,0,8,21,252,8.3,2,1
3,0,8,22,252,8.7,2,1
3,0,8,23,252,9.1,2,1
3,0,8,24,252,9.5,2,1
3,0,8,25,252,9.9,2,1
3,0,8,26,252,10.3,2,1
3,0,8,27,252,10.7,2,1
3,0,8,28,252,11.1,2,1
3,0,8,29,252,11.5,2,1
3,0,8,30,252,11.9,2,1
3,0,8,31,252,12.3,2,1
3,0,8,32,252,12.7,2,1
3,0,8,33,252,13.1,2,1
3,0,8,34,252,13.5,2,1
3,0,8,35,252,13.9,2,1
3,0,8,36,252,14.3,2,1
3,0,8,37,252,14.7,2,1
3,0,8,38,252,15.1,2,1
3,0,8,39,252,15.5,2,1
3,0,8,40,252,15.9,2,1
3,0,8,41,252,16.3,2,1
3,0,8,42,252,16.7,2,1
3,0,8,43,252,17.1,2,1
3,0,8,44,252,17.5,2,1
3,0,8,45,252,17.9,2,1
3,0,8,46,252,18.3,2,1
3,0,8,47,252,18.7,2,1
3,0,8,48,252,19.0,2,1
3,0,8,49,252,19.4,2,1
3,0,8,50,252,19.8,2,1
3,0,8,51,252,20.2,2,1
3,0,8,52,252,20.6,2,1
3,0,8,53,252,21.0,2,1
3,0,8,54,252,21.4,2,1
3,0,8,55,252,21.8,2,1
3,0,8,56,252,22.2,2,1
3,0,8,57,252,22.6,2,1
3,0,8,58,252,23.0,2,1
3,0,8,59,252,23.4,2,1
3,0,8,60,252,23.8,2,1
3,0,8,61,252,24.2,2,1
3,0,8,62,252,24.6,2,1
3,0,8,63,252,25.0,2,1
3,0,8,64,252,25.4,2,1
3,0,8,65,252,25.8,2,1
3,0,8,66,252,26.2,2,1
3,0,8,67,252,26.6,2,1
3,0,11,161,222,72.5,0,2
3,0,11,162,222,73.0,0,2
3,0,11,163,222,73.4,0,2
3,0,11,164,222,73.9,0,2
3,0,11,165,222,74.3,0,2
3,0,11,166,222,74.8,0,2
3,0,11,167,222,75.2,0,2
3,0,11,168,222,75.7,0,2
3,0,11,169,222,76.1,0,2
3,0,11,170,222,76.6,0,2
3,0,11,171,222,77.0,0,2
3,0,11,172,222,77.5,0,2
3,0,11,173,222,77.9,0,2
3,0,11,174,222,78.4,0,2
3,0,11,175,222,78.8,0,2
3,0,11,176,222,79.3,0,2
3,0,11,177,222,79.7,0,2
3,0,11,178,222,80.2,0,2
3,0,11,179,222,80.6,0,2
3,0,11,180,222,81.1,0,2
3,0,11,181,222,81.5,0,2
3,0,11,182,222,82.0,0,2
3,0,11,183,222,82.4,0,2
3,0,11,184,222,82.9,0,2
3,0,11,185,222,83.3,0,2
3,0,11,186,222,83.8,0,2
3,0,11,187,222,84.2,0,2
3,0,11,188,222,84.7,0,2
3,0,11,189,222,85.1,0,2
3,0,11,190,222,85.6,0,2
3,0,11,191,222,86.0,0,2
3,0,11,192,222,86.5,0,2
3,0,11,193,222,86.9,0,2
3,0,11,194,222,87.4,0,2
3,0,11,195,222,87.8,0,2
3,0,11,196,222,88.3,0,2
3,0,11,197,222,88.7,0,2
3,0,11,198,222,89.2,0,2
3,0,11,199,222,89.6,0,2
3,0,11,200,222,90.1,0,2
3,0,11,201,222,90.5,0,2
3,0,11,202,222,91.0,0,2
3,0,11,203,222,91.4,0,2
3,0,11,204,222,91.9,0,2
3,0,11,205,222,92.3,0,2
3,0,11,206,222,92.8,0,2
3,0,11,207,222,93.2,0,2
3,0,11,208,222,93.7,0,2
3,0,11,209,222,94.1,0,2
3,0,11,210,222,94.6,0,2
3,0,11,211,222,95.0,0,2
3,0,11,212,222,95.5,0,2
3,0,11,213,222,95.9,0,2
3,0,11,214,222,96.4,0,2
3,0,11,215,222,96.8,0,2
3,0,11,216,222,97.3,0,2
3,0,11,217,222,97.7,0,2
3,0,11,218,222,98.2,0,2
3,0,11,219,222,98.6,0,2
3,0,11,220,222,99.1,0,2
3,0,11,221,222,99.5,0,2
3,0,12,0,224,0.0,1,0
3,0,12,1,224,0.4,1,0
3,0,12,2,224,0.9,1,0
3,0,12,3,224,1.3,1,0
3,0,12,4,224,1.8,1,0
3,0,12,5,224,2.2,1,0
3,0,12,6,224,2.7,1,0
3,0,12,7,224,3.1,1,0
3,0,12,8,224,3.6,1,0
3,0,12,9,224,4.0,1,0
3,0,12,10,224,4.5,1,0
3,0,12,11,224,4.9,1,0
3,0,12,12,224,5.4,1,0
3,0,12,13,224,5.8,1,0
3,0,12,14,224,6.2,1,0
3,0,12,15,224,6.7,1,0
3,0,12,16,224,7.1,1,0
3,0,12,17,224,7.6,1,0
3,0,12,18,224,8.0,1,0
3,0,12,19,224,8.5,1,0
3,0,12,20,224,8.9,1,0
3,0,12,21,224,9.4,1,0
3,0,12,22,224,9.8,1,0
3,0,12,23,224,10.3,1,0
3,0,12,24,224,10.7,1,0
3,0,12,25,224,11.2,1,0
3,0,12,26,224,11.6,1,0
3,0,12,27,224,12.1,1,0
3,0,12,28,224,12.5,1,0
3,0,12,29,224,12.9,1,0
3,0,12,30,224,13.4,1,0
3,0,12,31,224,13.8,1,0
3,0,12,32,224,14.3,1,0
3,0,12,33,224,14.7,1,0
3,0,12,34,224,15.2,1,2
3,0,12,35,224,15.6,1,2
3,0,12,36,224,16.1,1,2
3,0,12,37,224,16.5,1,2
3,0,12,38,224,17.0,1,2
3,0,12,39,224,17.4,1,2
3,0,12,40,224,17.9,1,2
3,0,12,41,224,18.3,1,2
3,0,12,42,224,18.8,1,2
3,0,12,43,224,19.2,1,2
3,0,12,44,224,19.6,1,2
3,0,12,45,224,20.1,1,2
3,0,12,46,224,20.5,1,2
3,0,12,47,224,21.0,1,2
3,0,12,48,224,21.4,1,2
3,0,12,49,224,21.9,1,2
3,0,12,50,224,22.3,1,2
3,0,12,51,224,22.8,1,2
3,0,12,52,224,23.2,1,2
3,0,12,53,224,23.7,1,2
3,0,12,54,224,24.1,1,2
3,0,12,55,224,24.6,1,2
3,0,12,56,224,25.0,1,2
3,0,12,57,224,25.4,1,2
3,0,12,58,224,25.9,1,2
3,0,12,59,224,26.3,1,2
3,0,12,60,224,26.8,1,2
3,0,12,61,224,27.2,1,2
3,0,12,62,224,27.7,1,2
3,0,12,63,224,28.1,1,2
3,0,12,64,224,28.6,1,2
3,0,12,65,224,29.0,1,2
3,0,12,66,224,29.5,1,2
3,0,12,67,224,29.9,1,2
3,0,12,68,224,30.4,1,2
3,0,12,69,224,30.8,1,2
3,0,12,70,224,31.2,1,2
3,0,12,71,224,31.7,1,2
3,0,12,72,224,32.1,1,2
3,0,12,73,224,32.6,1,2
3,0,12,74,224,33.0,1,2
3,0,12,75,224,33.5,1,2
3,0,12,76,224,33.9,1,2
3,0,12,77,224,34.4,1,2
3,0,12,78,224,34.8,1,2
3,0,12,79,224,35.3,1,2
3,0,12,80,224,35.7,1,2
3,0,12,81,224,36.2,1,2
3,0,12,82,224,36.6,1,2
3,0,12,83,224,37.1,1,2
3,0,12,84,224,37.5,1,2
3,0,12,85,224,37.9,1,2
3,0,12,86,224,38.4,1,2
3,0,12,87,224,38.8,1,2
3,0,12,88,224,39.3,1,2
3,0,12,89,224,39.7,1,2
3,0,12,90,224,40.2,1,2
3,0,12,91,224,40.6,1,2
3,0,12,92,224,41.1,1,2
3,0,12,93,224,41.5,1,2
3,0,12,94,224,42.0,1,2
3,0,12,95,224,42.4,1,2
3,0,12,96,224,42.9,1,2
3,0,12,97,224,43.3,1,2
3,0,12,98,224,43.8,1,2
3,0,12,99,224,44.2,1,2
3,0,12,100,224,44.6,1,2
3,0,12,101,224,45.1,1,2
3,0,12,102,224,45.5,1,2
3,0,12,103,224,46.0,1,2
3,0,12,104,224,46.4,1,2
3,0,12,105,224,46.9,1,2
3,0,12,106,224,47.3,1,2
3,0,12,107,224,47.8,1,2
3,0,12,108,224,48.2,1,2
3,0,12,109,224,48.7,1,2
3,0,12,110,224,49.1,1,2
3,0,12,111,224,49.6,1,2
3,0,12,112,224,50.0,1,2
3,0,12,113,224,50.4,1,2
3,0,12,114,224,50.9,1,2
4,0,0,186,224,83.0,2,1
4,0,0,187,224,83.5,2,1
4,0,0,188,224,83.9,2,1
4,0,0,189,224,84.4,2,1
4,0,0,190,224,84.8,2,1
4,0,0,191,224,85.3,2,1
4,0,0,192,224,85.7,2,1
4,0,0,193,224,86.2,2,1
4,0,0,194,224,86.6,2,1
4,0,0,195,224,87.1,2,1
4,0,0,196,224,87.5,2,1
4,0,0,197,224,87.9,2,1
4,0,0,198,224,88.4,2,1
4,0,0,199,224,88.8,2,1
4,0,0,200,224,89.3,2,1
4,0,0,201,224,89.7,2,1
4,0,0,202,224,90.2,2,1
4,0,0,203,224,90.6,2,1
4,0,0,204,224,91.1,2,1
4,0,0,205,224,91.5,2,1
4,0,0,206,224,92.0,2,1
4,0,0,207,224,92.4,2,1
4,0,0,208,224,92.9,2,1
4,0,0,209,224,93.3,2,1
4,0,0,210,224,93.8,2,1
4,0,0,211,224,94.2,2,1
4,0,0,212,224,94.6,2,1
4,0,0,213,224,95.1,2,1
4,0,0,214,224,95.5,2,1
4,0,0,215,224,96.0,2,1
4,0,0,216,224,96.4,2,1
4,0,0,217,224,96.9,2,1
4,0,0,218,224,97.3,2,1
4,0,0,219,224,97.8,2,1
4,0,0,220,224,98.2,2,1
4,0,0,221,224,98.7,2,1
4,0,0,222,224,99.1,2,1
4,0,0,223,224,99.6,2,1
4,0,2,0,196,0.0,0,1
4,0,2,1,196,0.5,0,1
4,0,2,2,196,1.0,0,1
4,0,2,3,196,1.5,0,1
4,0,2,4,196,2.0,0,1
4,0,2,5,196,2.6,0,1
4,0,2,6,196,3.1,0,1
4,0,2,7,196,3.6,0,1
4,0,2,8,196,4.1,0,1
4,0,2,9,196,4.6,0,1
4,0,2,10,196,5.1,0,1
4,0,2,11,196,5.6,0,1
4,0,2,12,196,6.1,0,1
4,0,2,13,196,6.6,0,1
4,0,2,14,196,7.1,0,1
4,0,2,15,196,7.7,0,1
4,0,2,16,196,8.2,0,1
4,0,2,17,196,8.7,0,1
4,0,2,18,196,9.2,0,1
4,0,2,19,196,9.7,0,1
4,0,2,20,196,10.2,0,1
4,0,2,21,196,10.7,0,1
4,0,2,22,196,11.2,0,1
4,0,2,23,196,11.7,0,1
4,0,2,24,196,12.2,0,1
4,0,2,25,196,12.8,0,1
4,0,2,26,196,13.3,0,1
4,0,2,27,196,13.8,0,1
4,0,2,28,196,14.3,0,1
4,0,2,29,196,14.8,0,1
4,0,2,30,196,15.3,0,1
4,0,2,31,196,15.8,0,1
4,0,2,32,196,16.3,0,1
4,0,2,33,196,16.8,0,1
4,0,2,34,196,17.3,0,1
4,0,2,35,196,17.9,0,1
4,0,2,36,196,18.4,0,1
4,0,2,37,196,18.9,0,1
4,0,2,38,196,19.4,0,1
4,0,2,39,196,19.9,0,1
4,0,2,40,196,20.4,0,1
4,0,2,41,196,20.9,0,1
4,0,2,42,196,21.4,0,1
4,0,2,43,196,21.9,0,1
4,0,2,44,196,22.4,0,1
4,0,2,45,196,23.0,0,1
4,0,2,46,196,23.5,0,1
4,0,2,47,196,24.0,0,1
4,0,2,48,196,24.5,0,1
4,0,2,49,196,25.0,0,1
4,0,2,50,196,25.5,0,1
4,0,2,51,196,26.0,0,1
4,0,2,52,196,26.5,0,1
4,0,2,53,196,27.0,0,1
4,0,2,54,196,27.6,0,1
4,0,2,55,196,28.1,0,1
4,0,2,56,196,28.6,0,1
4,0,2,57,196,29.1,0,1
4,0,2,58,196,29.6,0,1
4,0,2,59,196,30.1,0,1
4,0,10,0,224,0.0,1,2
4,0,10,1,224,0.4,1,2
4,0,10,2,224,0.9,1,2
4,0,10,3,224,1.3,1,2
4,0,10,4,224,1.8,1,2
4,0,10,5,224,2.2,1,2
4,0,10,6,224,2.7,1,2
4,0,10,7,224,3.1,1,2
4,0,10,8,224,3.6,1,2
4,0,10,9,224,4.0,1,2
4,0,10,10,224,4.5,1,2
4,0,10,11,224,4.9,1,2
4,0,10,12,224,5.4,1,2
4,0,10,13,224,5.8,1,2
4,0,10,14,224,6.2,1,2
4,0,10,15,224,6.7,1,2
4,0,10,16,224,7.1,1,2
4,0,10,17,224,7.6,1,2
4,0,10,18,224,8.0,1,2
4,0,10,19,224,8.5,1,2
4,0,10,20,224,8.9,1,2
4,0,10,21,224,9.4,1,2
4,0,10,22,224,9.8,1,2
4,0,10,23,224,10.3,1,2
4,0,10,24,224,10.7,1,2
4,0,10,25,224,11.2,1,2
4,0,10,26,224,11.6,1,2
4,0,10,27,224,12.1,1,2
4,0,10,28,224,12.5,1,2
4,0,10,29,224,12.9,1,2
4,0,10,30,224,13.4,1,2
4,0,10,31,224,13.8,1,2
4,0,10,32,224,14.3,1,2
4,0,10,33,224,14.7,1,2
4,0,10,34,224,15.2,1,2
4,0,10,35,224,15.6,1,2
4,0,10,36,224,16.1,1,2
4,0,10,37,224,16.5,1,2
4,0,10,38,224,17.0,1,2
4,0,10,39,224,17.4,1,2
4,0,10,40,224,17.9,1,2
4,0,10,41,224,18.3,1,2
4,0,10,42,224,18.8,1,2
4,0,10,43,224,19.2,1,2
4,0,10,44,224,19.6,1,2
4,0,10,45,224,20.1,1,2
4,0,10,46,224,20.5,1,2
4,0,10,47,224,21.0,1,2
4,0,10,48,224,21.4,1,2
4,0,10,49,224,21.9,1,2
4,0,10,50,224,22.3,1,2
4,0,10,51,224,22.8,1,2
4,0,10,52,224,23.2,1,2
4,0,10,53,224,23.7,1,2
4,0,10,54,224,24.1,1,2
4,0,10,55,224,24.6,1,2
4,0,10,56,224,25.0,1,2
4,0,10,57,224,25.4,1,2
4,0,10,58,224,25.9,1,2
4,0,10,59,224,26.3,1,2
4,0,10,60,224,26.8,1,2
4,0,10,61,224,27.2,1,2
4,0,10,62,224,27.7,1,2
4,0,10,63,224,28.1,1,2
4,0,10,64,224,28.6,1,2
4,0,10,65,224,29.0,1,2
4,0,10,66,224,29.5,1,2
4,0,10,67,224,29.9,1,2
4,0,10,68,224,30.4,1,2
4,0,10,69,224,30.8,1,2
4,0,10,70,224,31.2,1,2
4,0,10,71,224,31.7,1,2
4,0,10,72,224,32.1,1,2
4,0,10,73,224,32.6,1,2
4,0,10,74,224,33.0,1,2
4,0,10,75,224,33.5,1,2
4,0,10,76,224,33.9,1,2
4,0,10,77,224,34.4,1,2
4,0,10,78,224,34.8,1,2
4,0,10,79,224,35.3,1,2
4,0,10,80,224,35.7,1,2
4,0,10,81,224,36.2,1,2
4,0,10,82,224,36.6,1,2
4,0,10,83,224,37.1,1,2
4,0,10,84,224,37.5,1,2
4,0,10,85,224,37.9,1,2
4,0,10,86,224,38.4,1,2
4,0,10,87,224,38.8,1,2
4,0,10,88,224,39.3,1,2
4,0,10,89,224,39.7,1,2
4,0,10,90,224,40.2,1,2
4,0,10,91,224,40.6,1,2
4,0,10,92,224,41.1,1,2
4,0,10,93,224,41.5,1,2
4,0,10,94,224,42.0,1,2
4,0,10,95,224,42.4,1,2
4,0,10,96,224,42.9,1,2
4,0,10,97,224,43.3,1,2
4,0,10,98,224,43.8,1,2
4,0,10,99,224,44.2,1,2
4,0,10,100,224,44.6,1,2
4,0,10,101,224,45.1,1,2
4,0,10,102,224,45.5,1,2
4,0,10,103,224,46.0,1,2
4,0,10,104,224,46.4,1,2
4,0,10,105,224,46.9,1,2
4,0,10,106,224,47.3,1,2
4,0,10,107,224,47.8,1,2
4,0,10,108,224,48.2,1,2
4,0,10,109,224,48.7,1,2
4,0,10,110,224,49.1,1,2
4,0,10,111,224,49.6,1,2
4,0,10,112,224,50.0,1,2
4,0,10,113,224,50.4,1,2
4,0,10,114,224,50.9,1,2
4,0,10,115,224,51.3,1,2
4,0,10,116,224,51.8,1,2
4,0,10,117,224,52.2,1,2
4,0,10,118,224,52.7,1,2
4,0,10,119,224,53.1,1,2
4,0,10,120,224,53.6,1,2
4,0,10,121,224,54.0,1,2
4,0,10,122,224,54.5,1,2
4,0,10,123,224,54.9,1,2
4,0,10,124,224,55.4,1,2
4,0,10,125,224,55.8,1,2
4,0,10,126,224,56.2,1,2
4,0,10,127,224,56.7,1,2
4,0,10,128,224,57.1,1,2
4,0,10,129,224,57.6,1,2
4,0,10,130,224,58.0,1,2
4,0,10,131,224,58.5,1,2
4,0,10,132,224,58.9,1,2
4,0,10,133,224,59.4,1,2
4,0,10,134,224,59.8,1,2
4,0,10,135,224,60.3,1,2
4,0,10,136,224,60.7,1,2
4,0,10,137,224,61.2,1,2
4,0,10,138,224,61.6,1,2
4,0,10,139,224,62.1,1,2
4,0,10,140,224,62.5,1,2
4,0,10,141,224,62.9,1,2
4,0,10,142,224,63.4,1,2
4,0,10,143,224,63.8,1,2
4,0,10,144,224,64.3,1,2
4,0,10,145,224,64.7,1,2
4,0,10,146,224,65.2,1,2
4,0,12,54,224,24.1,1,0
4,0,12,55,224,24.6,1,0
4,0,12,56,224,25.0,1,0
4,0,12,57,224,25.4,1,0
4,0,12,58,224,25.9,1,0
4,0,12,59,224,26.3,1,0
4,0,12,60,224,26.8,1,0
4,0,12,61,224,27.2,1,0
4,0,12,62,224,27.7,1,0
4,0,12,63,224,28.1,1,0
4,0,12,64,224,28.6,1,0
4,0,12,65,224,29.0,1,0
4,0,12,66,224,29.5,1,0
4,0,12,67,224,29.9,1,0
4,0,12,68,224,30.4,1,0
4,0,12,69,224,30.8,1,0
4,0,12,70,224,31.2,1,0
4,0,12,71,224,31.7,1,0
4,0,12,72,224,32.1,1,0
4,0,12,73,224,32.6,1,0
4,0,12,74,224,33.0,1,0
4,0,12,75,224,33.5,1,0
4,0,12,76,224,33.9,1,0
4,0,12,77,224,34.4,1,0
4,0,12,78,224,34.8,1,0
4,0,12,79,224,35.3,1,0
4,0,12,80,224,35.7,1,0
4,0,12,81,224,36.2,1,0
4,0,12,82,224,36.6,1,0
4,0,12,83,224,37.1,1,0
4,0,12,84,224,37.5,1,0
4,0,12,85,224,37.9,1,0
4,0,12,86,224,38.4,1,0
4,0,12,87,224,38.8,1,0
4,0,12,88,224,39.3,1,0
4,0,12,89,224,39.7,1,0
4,0,12,90,224,40.2,1,0
4,0,12,91,224,40.6,1,0
4,0,12,92,224,41.1,1,0
4,0,12,93,224,41.5,1,0
4,0,12,94,224,42.0,1,0
4,0,12,95,224,42.4,1,0
4,0,12,96,224,42.9,1,0
4,0,12,97,224,43.3,1,0
4,0,12,98,224,43.8,1,0
4,0,12,99,224,44.2,1,0
4,0,12,100,224,44.6,1,0
4,0,12,101,224,45.1,1,0
4,0,12,102,224,45.5,1,0
4,0,12,103,224,46.0,1,0
4,0,12,104,224,46.4,1,0
4,0,12,105,224,46.9,1,0
4,0,12,106,224,47.3,1,0
4,0,12,107,224,47.8,1,0
4,0,12,108,224,48.2,1,0
4,0,12,109,224,48.7,1,0
4,0,12,110,224,49.1,1,0
4,0,12,111,224,49.6,1,0
4,0,12,112,224,50.0,1,0
4,0,12,113,224,50.4,1,0
4,0,12,114,224,50.9,1,0
4,0,12,115,224,51.3,1,0
4,0,12,116,224,51.8,1,0
4,0,12,117,224,52.2,1,0
4,0,12,118,224,52.7,1,0
4,0,12,119,224,53.1,1,0
4,0,12,120,224,53.6,1,0
4,0,12,121,224,54.0,1,0
4,0,12,122,224,54.5,1,0
4,0,12,123,224,54.9,1,0
4,0,12,124,224,55.4,1,0
4,0,12,125,224,55.8,1,0
4,0,12,126,224,56.2,1,0
4,0,12,127,224,56.7,1,0
4,0,12,128,224,57.1,1,0
4,0,12,129,224,57.6,1,0
4,0,12,130,224,58.0,1,0
4,0,12,131,224,58.5,1,0
4,0,12,132,224,58.9,1,0
4,0,12,133,224,59.4,1,0
4,0,12,134,224,59.8,1,0
4,0,12,135,224,60.3,1,0
4,0,12,136,224,60.7,1,0
4,0,12,137,224,61.2,1,0
4,0,12,138,224,61.6,1,0
4,0,12,139,224,62.1,1,0
4,0,12,140,224,62.5,1,0
4,0,12,141,224,62.9,1,0
4,0,12,142,224,63.4,1,0
4,0,12,143,224,63.8,1,0
4,0,12,144,224,64.3,1,0
4,0,12,145,224,64.7,1,0
4,0,12,146,224,65.2,1,0
4,0,12,147,224,65.6,1,0
4,0,12,148,224,66.1,1,0
4,0,12,149,224,66.5,1,0
4,0,12,150,224,67.0,1,0
4,0,12,151,224,67.4,1,0
4,0,12,152,224,67.9,1,0
4,0,12,153,224,68.3,1,0
4,0,12,154,224,68.8,1,0
4,0,12,155,224,69.2,1,0
4,0,12,156,224,69.6,1,0
4,0,12,157,224,70.1,1,0
4,0,12,158,224,70.5,1,0
4,0,12,159,224,71.0,1,0
4,0,12,160,224,71.4,1,0
4,0,12,161,224,71.9,1,0
4,0,12,162,224,72.3,1,0
4,0,12,163,224,72.8,1,0
4,0,12,164,224,73.2,1,0
4,0,12,165,224,73.7,1,0
4,0,12,166,224,74.1,1,0
4,0,12,167,224,74.6,1,0
4,0,12,168,224,75.0,1,0
4,0,12,169,224,75.4,1,0
4,0,12,170,224,75.9,1,0
4,0,12,171,224,76.3,1,0
4,0,12,172,224,76.8,1,0
4,0,12,173,224,77.2,1,0
4,0,12,174,224,77.7,1,0
4,0,12,175,224,78.1,1,0
4,0,12,176,224,78.6,1,0
4,0,12,177,224,79.0,1,0
4,0,12,178,224,79.5,1,0
4,0,12,179,224,79.9,1,0
4,0,12,180,224,80.4,1,0
4,0,12,181,224,80.8,1,0
4,0,12,182,224,81.2,1,0
4,0,12,183,224,81.7,1,0
4,0,12,184,224,82.1,1,0
4,0,12,185,224,82.6,1,0
4,0,12,186,224,83.0,1,0
4,0,12,187,224,83.5,1,0
4,0,12,188,224,83.9,1,0
4,0,12,189,224,84.4,1,0
4,0,12,190,224,84.8,1,0
4,0,12,191,224,85.3,1,0
4,0,12,192,224,85.7,1,0
4,0,12,193,224,86.2,1,0
4,0,12,194,224,86.6,1,0
4,0,12,195,224,87.1,1,0
4,0,12,196,224,87.5,1,0
4,0,12,197,224,87.9,1,0
4,0,12,198,224,88.4,1,0
4,0,12,199,224,88.8,1,0
4,0,12,200,224,89.3,1,0
4,0,12,201,224,89.7,1,0
4,0,12,202,224,90.2,1,0
4,0,12,203,224,90.6,1,0
4,0,12,204,224,91.1,1,0
4,0,12,205,224,91.5,1,0
4,0,12,206,224,92.0,1,0
4,0,12,207,224,92.4,1,0
4,0,12,208,224,92.9,1,0
4,0,12,209,224,93.3,1,0
4,0,12,210,224,93.8,1,0
4,0,12,211,224,94.2,1,0
4,0,12,212,224,94.6,1,0
4,0,12,213,224,95.1,1,0
4,0,12,214,224,95.5,1,0
4,0,12,215,224,96.0,1,0
4,0,12,216,224,96.4,1,0
4,0,12,217,224,96.9,1,0
4,0,12,218,224,97.3,1,0
4,0,12,219,224,97.8,1,0
4,0,12,220,224,98.2,1,0
4,0,12,221,224,98.7,1,0
4,0,12,222,224,99.1,1,0
4,0,12,223,224,99.6,1,0
5,0,10,112,224,50.0,1,0
5,0,10,113,224,50.4,1,0
5,0,10,114,224,50.9,1,0
5,0,10,115,224,51.3,1,0
5,0,10,116,224,51.8,1,0
5,0,10,117,224,52.2,1,0
5,0,10,118,224,52.7,1,0
5,0,10,119,224,53.1,1,0
5,0,10,120,224,53.6,1,0
5,0,10,121,224,54.0,1,0
5,0,10,122,224,54.5,1,0
5,0,10,123,224,54.9,1,0
5,0,10,124,224,55.4,1,0
5,0,10,125,224,55.8,1,0
5,0,10,126,224,56.2,1,0
5,0,10,127,224,56.7,1,0
5,0,10,128,224,57.1,1,0
5,0,10,129,224,57.6,1,0
5,0,10,130,224,58.0,1,0
5,0,10,131,224,58.5,1,0
5,0,10,132,224,58.9,1,0
5,0,10,133,224,59.4,1,0
5,0,10,134,224,59.8,1,0
5,0,10,135,224,60.3,1,0
5,0,10,136,224,60.7,1,0
5,0,10,137,224,61.2,1,0
5,0,10,138,224,61.6,1,0
5,0,10,139,224,62.1,1,0
5,0,10,140,224,62.5,1,0
5,0,10,141,224,62.9,1,0
5,0,10,142,224,63.4,1,0
5,0,10,143,224,63.8,1,0
5,0,10,144,224,64.3,1,0
5,0,10,145,224,64.7,1,0
5,0,10,146,224,65.2,1,0
5,0,10,147,224,65.6,1,0
5,0,10,148,224,66.1,1,0
5,0,10,149,224,66.5,1,0
5,0,10,150,224,67.0,1,0
5,0,10,151,224,67.4,1,0
5,0,10,152,224,67.9,1,0
5,0,10,153,224,68.3,1,0
5,0,10,154,224,68.8,1,0
5,0,10,155,224,69.2,1,0
5,0,10,156,224,69.6,1,0
5,0,10,157,224,70.1,1,0
5,0,10,158,224,70.5,1,0
5,0,10,159,224,71.0,1,0
5,0,10,160,224,71.4,1,0
5,0,10,161,224,71.9,1,0
5,0,10,162,224,72.3,1,0
5,0,10,163,224,72.8,1,0
5,0,10,164,224,73.2,1,0
5,0,10,165,224,73.7,1,0
5,0,10,166,224,74.1,1,0
5,0,12,40,224,17.9,1,0
5,0,12,41,224,18.3,1,0
5,0,12,42,224,18.8,1,0
5,0,12,43,224,19.2,1,0
5,0,12,44,224,19.6,1,0
5,0,12,45,224,20.1,1,0
5,0,12,46,224,20.5,1,0
5,0,12,47,224,21.0,1,0
5,0,12,48,224,21.4,1,0
5,0,12,49,224,21.9,1,0
5,0,12,50,224,22.3,1,0
5,0,12,51,224,22.8,1,0
5,0,12,52,224,23.2,1,0
5,0,12,53,224,23.7,1,0
5,0,12,54,224,24.1,1,0
5,0,12,55,224,24.6,1,0
5,0,12,56,224,25.0,1,0
5,0,12,57,224,25.4,1,0
5,0,12,58,224,25.9,1,0
5,0,12,59,224,26.3,1,0
5,0,12,60,224,26.8,1,0
5,0,12,61,224,27.2,1,0
5,0,12,62,224,27.7,1,0
5,0,12,63,224,28.1,1,0
5,0,12,64,224,28.6,1,0
5,0,12,65,224,29.0,1,0
5,0,12,66,224,29.5,1,0
5,0,12,67,224,29.9,1,0
5,0,12,68,224,30.4,1,0
5,0,12,69,224,30.8,1,0
5,0,12,70,224,31.2,1,0
5,0,12,71,224,31.7,1,0
5,0,12,72,224,32.1,1,0
5,0,12,73,224,32.6,1,0
5,0,12,74,224,33.0,1,0
5,0,12,75,224,33.5,1,0
5,0,12,76,224,33.9,1,0
5,0,12,77,224,34.4,1,0
5,0,12,78,224,34.8,1,0
5,0,12,79,224,35.3,1,0
5,0,12,80,224,35.7,1,0
5,0,12,81,224,36.2,1,0
5,0,12,82,224,36.6,1,0
5,0,12,83,224,37.1,1,0
5,0,12,84,224,37.5,1,0
5,0,12,85,224,37.9,1,0
5,0,12,86,224,38.4,1,0
5,0,12,87,224,38.8,1,0
5,0,12,88,224,39.3,1,0
5,0,12,89,224,39.7,1,0
5,0,12,90,224,40.2,1,0
5,0,12,91,224,40.6,1,0
5,0,12,92,224,41.1,1,0
5,0,12,93,224,41.5,1,0
5,0,12,94,224,42.0,1,0
5,0,12,95,224,42.4,1,0
5,0,12,96,224,42.9,1,0
5,0,12,97,224,43.3,1,0
5,0,12,98,224,43.8,1,0
5,0,12,99,224,44.2,1,0
5,0,12,100,224,44.6,1,0
5,0,12,101,224,45.1,1,0
5,0,12,102,224,45.5,1,0
5,0,12,103,224,46.0,1,0
5,0,12,104,224,46.4,1,0
5,0,12,105,224,46.9,1,0
5,0,12,106,224,47.3,1,0
5,0,12,107,224,47.8,1,0
5,0,12,108,224,48.2,1,0
5,0,12,109,224,48.7,1,0
5,0,12,110,224,49.1,1,0
5,0,12,111,224,49.6,1,0
5,0,12,112,224,50.0,1,0
5,0,12,113,224,50.4,1,0
5,0,12,114,224,50.9,1,0
5,0,12,115,224,51.3,1,0
5,0,12,116,224,51.8,1,0
5,0,12,117,224,52.2,1,0
5,0,12,118,224,52.7,1,0
5,0,12,119,224,53.1,1,0
5,0,12,120,224,53.6,1,0
5,0,12,121,224,54.0,1,0
5,0,12,122,224,54.5,1,0
5,0,12,123,224,54.9,1,0
5,0,12,124,224,55.4,1,0
5,0,12,125,224,55.8,1,0
5,0,12,126,224,56.2,1,0
5,0,12,127,224,56.7,1,0
5,0,12,128,224,57.1,1,0
5,0,12,129,224,57.6,1,0
5,0,12,130,224,58.0,1,0
5,0,12,131,224,58.5,1,0
5,0,12,132,224,58.9,1,0
5,0,12,133,224,59.4,1,0
5,0,12,134,224,59.8,1,0
5,0,12,135,224,60.3,1,0
5,0,12,136,224,60.7,1,0
5,0,12,137,224,61.2,1,0
5,0,12,138,224,61.6,1,0
5,0,12,139,224,62.1,1,0
5,0,12,140,224,62.5,1,0
5,0,12,141,224,62.9,1,0
5,0,12,142,224,63.4,1,0
5,0,12,143,224,63.8,1,0
5,0,12,144,224,64.3,1,0
5,0,12,145,224,64.7,1,0
5,0,12,146,224,65.2,1,0
5,0,12,147,224,65.6,1,0
5,0,12,148,224,66.1,1,0
5,0,12,149,224,66.5,1,0
5,0,12,150,224,67.0,1,0
5,0,12,151,224,67.4,1,0
5,0,12,152,224,67.9,1,0
5,0,12,153,224,68.3,1,0
5,0,12,154,224,68.8,1,0
5,0,12,155,224,69.2,1,0
5,0,12,156,224,69.6,1,0
5,0,12,157,224,70.1,1,0
5,0,12,158,224,70.5,1,0
5,0,12,159,224,71.0,1,0
5,0,12,160,224,71.4,1,0
5,0,12,161,224,71.9,1,0
5,0,12,162,224,72.3,1,0
5,0,12,163,224,72.8,1,0
5,0,12,164,224,73.2,1,0
5,0,12,165,224,73.7,1,0
5,0,12,166,224,74.1,1,0
5,0,12,167,224,74.6,1,0
5,0,12,168,224,75.0,1,0
5,0,12,169,224,75.4,1,0
5,0,12,170,224,75.9,1,0
5,0,12,171,224,76.3,1,0
5,0,12,172,224,76.8,1,0
5,0,12,173,224,77.2,1,0
5,0,12,174,224,77.7,1,0
5,0,12,175,224,78.1,1,0
5,0,12,176,224,78.6,1,0
5,0,12,177,224,79.0,1,0
5,0,12,178,224,79.5,1,0
5,0,12,179,224,79.9,1,0
5,0,12,180,224,80.4,1,0
5,0,12,181,224,80.8,1,0
5,0,12,182,224,81.2,1,0
5,0,12,183,224,81.7,1,0
5,0,12,184,224,82.1,1,0
5,0,12,185,224,82.6,1,0
5,0,12,186,224,83.0,1,0
5,0,12,187,224,83.5,1,0
5,0,12,188,224,83.9,1,0
5,0,12,189,224,84.4,1,0
5,0,12,190,224,84.8,1,0
5,0,12,191,224,85.3,1,0
5,0,12,192,224,85.7,1,0
5,0,12,193,224,86.2,1,0
5,0,12,194,224,86.6,1,0
5,0,12,195,224,87.1,1,0
5,0,12,196,224,87.5,1,0
5,0,12,197,224,87.9,1,0
5,0,12,198,224,88.4,1,0
5,0,12,199,224,88.8,1,0
5,0,12,200,224,89.3,1,0
5,0,12,201,224,89.7,1,0
5,0,12,202,224,90.2,1,0
5,0,12,203,224,90.6,1,0
5,0,12,204,224,91.1,1,0
5,0,12,205,224,91.5,1,0
5,0,12,206,224,92.0,1,0
5,0,12,207,224,92.4,1,0
5,0,12,208,224,92.9,1,0
5,0,12,209,224,93.3,1,0
5,0,12,210,224,93.8,1,0
5,0,12,211,224,94.2,1,0
5,0,12,212,224,94.6,1,0
5,0,12,213,224,95.1,1,0
5,0,12,214,224,95.5,1,0
5,0,12,215,224,96.0,1,0
5,0,12,216,224,96.4,1,0
5,0,12,217,224,96.9,1,0
5,0,12,218,224,97.3,1,0
5,0,12,219,224,97.8,1,0
5,0,12,220,224,98.2,1,0
5,0,12,221,224,98.7,1,0
5,0,12,222,224,99.1,1,0
5,0,12,223,224,99.6,1,0
6,0,1,16,222,7.2,1,2
6,0,1,17,222,7.7,1,2
6,0,1,18,222,8.1,1,2
6,0,1,19,222,8.6,1,2
6,0,1,20,222,9.0,1,2
6,0,1,21,222,9.5,1,2
6,0,1,22,222,9.9,1,2
6,0,1,23,222,10.4,1,2
6,0,1,24,222,10.8,1,2
6,0,1,25,222,11.3,1,2
6,0,1,26,222,11.7,1,2
6,0,1,27,222,12.2,1,2
6,0,1,28,222,12.6,1,2
6,0,1,29,222,13.1,1,2
6,0,1,30,222,13.5,1,2
6,0,1,31,222,14.0,1,2
6,0,1,32,222,14.4,1,2
6,0,1,33,222,14.9,1,2
6,0,1,34,222,15.3,1,2
6,0,1,35,222,15.8,1,2
6,0,1,36,222,16.2,1,2
6,0,1,37,222,16.7,1,2
6,0,1,38,222,17.1,1,2
6,0,1,39,222,17.6,1,2
6,0,1,40,222,18.0,1,2
6,0,1,41,222,18.5,1,2
6,0,1,42,222,18.9,1,2
6,0,1,43,222,19.4,1,2
6,0,1,44,222,19.8,1,2
6,0,1,45,222,20.3,1,2
6,0,1,46,222,20.7,1,2
6,0,1,47,222,21.2,1,2
6,0,1,48,222,21.6,1,2
6,0,1,49,222,22.1,1,2
6,0,1,50,222,22.5,1,2
6,0,1,51,222,23.0,1,2
6,0,1,52,222,23.4,1,2
6,0,1,53,222,23.9,1,2
6,0,1,54,222,24.3,1,2
6,0,1,55,222,24.8,1,2
6,0,1,56,222,25.2,1,2
6,0,1,57,222,25.7,1,2
6,0,1,58,222,26.1,1,2
6,0,1,59,222,26.6,1,2
6,0,1,60,222,27.0,1,2
6,0,1,61,222,27.5,1,2
6,0,1,62,222,27.9,1,2
6,0,1,63,222,28.4,1,2
6,0,1,64,222,28.8,1,2
6,0,1,65,222,29.3,1,2
6,0,1,66,222,29.7,1,2
6,0,1,67,222,30.2,1,2
6,0,1,68,222,30.6,1,2
6,0,1,69,222,31.1,1,2
6,0,1,70,222,31.5,1,2
6,0,1,71,222,32.0,1,2
6,0,1,72,222,32.4,1,2
6,0,1,73,222,32.9,1,2
6,0,1,74,222,33.3,1,2
6,0,1,75,222,33.8,1,2
6,0,1,76,222,34.2,1,2
6,0,1,77,222,34.7,1,2
6,0,1,78,222,35.1,1,2
6,0,1,79,222,35.6,1,2
6,0,1,80,222,36.0,1,2
6,0,1,81,222,36.5,1,2
6,0,1,82,222,36.9,1,2
6,0,1,83,222,37.4,1,2
6,0,1,84,222,37.8,1,2
6,0,1,85,222,38.3,1,2
6,0,1,86,222,38.7,1,2
6,0,1,87,222,39.2,1,2
6,0,1,88,222,39.6,1,2
6,0,1,89,222,40.1,1,2
6,0,1,90,222,40.5,1,2
6,0,1,91,222,41.0,1,2
6,0,1,92,222,41.4,1,2
6,0,1,93,222,41.9,1,2
6,0,1,94,222,42.3,1,2
6,0,1,95,222,42.8,1,2
6,0,1,96,222,43.2,1,2
6,0,1,97,222,43.7,1,2
6,0,1,98,222,44.1,1,2
6,0,1,99,222,44.6,1,2
6,0,1,100,222,45.0,1,2
6,0,1,101,222,45.5,1,2
6,0,1,102,222,45.9,1,2
6,0,1,103,222,46.4,1,2
6,0,1,104,222,46.8,1,2
6,0,1,105,222,47.3,1,2
6,0,1,106,222,47.7,1,2
6,0,1,107,222,48.2,1,2
6,0,1,108,222,48.6,1,2
6,0,1,109,222,49.1,1,2
6,0,1,110,222,49.5,1,2
6,0,1,111,222,50.0,1,2
6,0,1,112,222,50.5,1,2
6,0,1,113,222,50.9,1,2
6,0,1,114,222,51.4,1,2
6,0,1,115,222,51.8,1,2
6,0,1,116,222,52.3,1,2
6,0,1,117,222,52.7,1,2
6,0,1,118,222,53.2,1,2
6,0,1,119,222,53.6,1,2
6,0,1,120,222,54.1,1,2
6,0,1,121,222,54.5,1,2
6,0,1,122,222,55.0,1,2
6,0,1,123,222,55.4,1,2
6,0,1,124,222,55.9,1,2
6,0,1,125,222,56.3,1,2
6,0,1,126,222,56.8,1,2
6,0,1,127,222,57.2,1,2
6,0,1,128,222,57.7,1,2
6,0,1,129,222,58.1,1,2
6,0,1,130,222,58.6,1,2
6,0,1,131,222,59.0,1,2
6,0,1,132,222,59.5,1,2
6,0,1,133,222,59.9,1,2
6,0,1,134,222,60.4,1,2
6,0,1,135,222,60.8,1,2
6,0,1,136,222,61.3,1,2
6,0,1,137,222,61.7,1,2
6,0,1,138,222,62.2,1,2
6,0,1,139,222,62.6,1,2
6,0,1,140,222,63.1,1,2
6,0,1,141,222,63.5,1,2
6,0,1,142,222,64.0,1,2
6,0,1,143,222,64.4,1,2
6,0,1,144,222,64.9,1,2
6,0,1,145,222,65.3,1,2
6,0,1,146,222,65.8,1,2
6,0,1,147,222,66.2,1,2
6,0,1,148,222,66.7,1,2
6,0,1,149,222,67.1,1,2
6,0,1,150,222,67.6,1,2
6,0,1,151,222,68.0,1,2
6,0,1,152,222,68.5,1,2
6,0,1,153,222,68.9,1,2
6,0,1,154,222,69.4,1,2
6,0,1,155,222,69.8,1,2
6,0,1,156,222,70.3,1,2
6,0,1,157,222,70.7,1,2
6,0,1,158,222,71.2,1,2
6,0,1,159,222,71.6,1,2
6,0,1,160,222,72.1,1,2
6,0,1,161,222,72.5,1,2
6,0,1,162,222,73.0,1,2
6,0,1,163,222,73.4,1,2
6,0,1,164,222,73.9,1,2
6,0,1,165,222,74.3,1,2
6,0,1,166,222,74.8,1,2
6,0,1,167,222,75.2,1,2
6,0,1,168,222,75.7,1,2
6,0,1,169,222,76.1,1,2
6,0,1,170,222,76.6,1,2
6,0,1,171,222,77.0,1,2
6,0,1,172,222,77.5,1,2
6,0,1,173,222,77.9,1,2
6,0,1,174,222,78.4,1,2
6,0,1,175,222,78.8,1,2
6,0,1,176,222,79.3,1,2
6,0,1,177,222,79.7,1,2
6,0,1,178,222,80.2,1,2
6,0,1,179,222,80.6,1,2
6,0,1,180,222,81.1,1,2
6,0,1,181,222,81.5,1,2
6,0,1,182,222,82.0,1,2
6,0,1,183,222,82.4,1,2
6,0,1,184,222,82.9,1,2
6,0,1,185,222,83.3,1,2
6,0,1,186,222,83.8,1,2
6,0,1,187,222,84.2,1,2
6,0,1,188,222,84.7,1,2
6,0,1,189,222,85.1,1,2
6,0,1,190,222,85.6,1,2
6,0,1,191,222,86.0,1,2
6,0,1,192,222,86.5,1,2
6,0,1,193,222,86.9,1,2
6,0,1,194,222,87.4,1,2
6,0,1,195,222,87.8,1,2
6,0,1,196,222,88.3,1,2
6,0,1,197,222,88.7,1,2
6,0,1,198,222,89.2,1,2
6,0,1,199,222,89.6,1,2
6,0,1,200,222,90.1,1,2
6,0,1,201,222,90.5,1,2
6,0,1,202,222,91.0,1,2
6,0,1,203,222,91.4,1,2
6,0,1,204,222,91.9,1,2
6,0,1,205,222,92.3,1,2
6,0,1,206,222,92.8,1,2
6,0,1,207,222,93.2,1,2
6,0,1,208,222,93.7,1,2
6,0,1,209,222,94.1,1,2
6,0,1,210,222,94.6,1,2
6,0,1,211,222,95.0,1,2
6,0,1,212,222,95.5,1,2
6,0,1,213,222,95.9,1,2
6,0,1,214,222,96.4,1,2
6,0,1,215,222,96.8,1,2
6,0,1,216,222,97.3,1,2
6,0,1,217,222,97.7,1,2
6,0,1,218,222,98.2,1,2
6,0,1,219,222,98.6,1,2
6,0,1,220,222,99.1,1,2
6,0,1,221,222,99.5,1,2
6,0,2,102,196,52.0,0,1
6,0,2,103,196,52.6,0,1
6,0,2,104,196,53.1,0,1
6,0,2,105,196,53.6,0,1
6,0,2,106,196,54.1,0,1
6,0,2,107,196,54.6,0,1
6,0,2,108,196,55.1,0,1
6,0,2,109,196,55.6,0,1
6,0,2,110,196,56.1,0,1
6,0,2,111,196,56.6,0,1
6,0,2,112,196,57.1,0,1
6,0,2,113,196,57.7,0,1
6,0,2,114,196,58.2,0,1
6,0,2,115,196,58.7,0,1
6,0,2,116,196,59.2,0,1
6,0,2,117,196,59.7,0,1
6,0,2,118,196,60.2,0,1
6,0,2,119,196,60.7,0,1
6,0,2,120,196,61.2,0,1
6,0,2,121,196,61.7,0,1
6,0,2,122,196,62.2,0,1
6,0,2,123,196,62.8,0,1
6,0,2,124,196,63.3,0,1
6,0,2,125,196,63.8,0,1
6,0,2,126,196,64.3,0,1
6,0,2,127,196,64.8,0,1
6,0,2,128,196,65.3,0,1
6,0,2,129,196,65.8,0,1
6,0,2,130,196,66.3,0,1
6,0,2,131,196,66.8,0,1
6,0,2,132,196,67.3,0,1
6,0,2,133,196,67.9,0,1
6,0,2,134,196,68.4,0,1
6,0,2,135,196,68.9,0,1
6,0,2,136,196,69.4,0,1
6,0,2,137,196,69.9,0,1
6,0,2,138,196,70.4,0,1
6,0,2,139,196,70.9,0,1
6,0,2,140,196,71.4,0,1
6,0,2,141,196,71.9,0,1
6,0,2,142,196,72.4,0,1
6,0,2,143,196,73.0,0,1
6,0,2,144,196,73.5,0,1
6,0,2,145,196,74.0,0,1
6,0,2,146,196,74.5,0,1
6,0,2,147,196,75.0,0,1
6,0,2,148,196,75.5,0,1
6,0,2,149,196,76.0,0,1
6,0,2,150,196,76.5,0,1
6,0,2,151,196,77.0,0,1
6,0,2,152,196,77.6,0,1
6,0,2,153,196,78.1,0,1
6,0,2,154,196,78.6,0,1
6,0,2,155,196,79.1,0,1
6,0,2,156,196,79.6,0,1
6,0,2,157,196,80.1,0,1
6,0,2,158,196,80.6,0,1
6,0,2,159,196,81.1,0,1
6,0,2,160,196,81.6,0,1
6,0,2,161,196,82.1,0,1
6,0,2,162,196,82.7,0,1
6,0,2,163,196,83.2,0,1
6,0,2,164,196,83.7,0,1
6,0,2,165,196,84.2,0,1
6,0,2,166,196,84.7,0,1
6,0,2,167,196,85.2,0,1
6,0,2,168,196,85.7,0,1
6,0,2,169,196,86.2,0,1
6,0,2,170,196,86.7,0,1
6,0,2,171,196,87.2,0,1
6,0,2,172,196,87.8,0,1
6,0,2,173,196,88.3,0,1
6,0,2,174,196,88.8,0,1
6,0,2,175,196,89.3,0,1
6,0,2,176,196,89.8,0,1
6,0,2,177,196,90.3,0,1
6,0,2,178,196,90.8,0,1
6,0,2,179,196,91.3,0,1
6,0,2,180,196,91.8,0,1
6,0,2,181,196,92.3,0,1
6,0,2,182,196,92.9,0,1
6,0,2,183,196,93.4,0,1
6,0,3,0,227,0.0,0,2
6,0,3,1,227,0.4,0,2
6,0,3,2,227,0.9,0,2
6,0,3,3,227,1.3,0,2
6,0,3,4,227,1.8,0,2
6,0,3,5,227,2.2,0,2
6,0,3,6,227,2.6,0,2
6,0,3,7,227,3.1,0,2
6,0,3,8,227,3.5,0,2
6,0,3,9,227,4.0,0,2
6,0,3,10,227,4.4,0,2
6,0,3,11,227,4.8,0,2
6,0,3,12,227,5.3,0,2
6,0,3,13,227,5.7,0,2
6,0,3,14,227,6.2,0,2
6,0,3,15,227,6.6,0,2
6,0,3,16,227,7.0,0,2
6,0,3,17,227,7.5,0,2
6,0,3,18,227,7.9,0,2
6,0,3,19,227,8.4,0,2
6,0,3,20,227,8.8,0,2
6,0,3,21,227,9.3,0,2
6,0,3,22,227,9.7,0,2
6,0,3,23,227,10.1,0,2
6,0,3,24,227,10.6,0,2
6,0,3,25,227,11.0,0,2
6,0,3,26,227,11.5,0,2
6,0,3,27,227,11.9,0,2
6,0,3,28,227,12.3,0,2
6,0,3,29,227,12.8,0,2
6,0,3,30,227,13.2,0,2
6,0,3,31,227,13.7,0,2
6,0,3,32,227,14.1,0,2
6,0,3,33,227,14.5,0,2
6,0,3,34,227,15.0,0,2
6,0,3,35,227,15.4,0,2
6,0,3,36,227,15.9,0,2
6,0,3,37,227,16.3,0,2
6,0,3,38,227,16.7,0,2
6,0,3,39,227,17.2,0,2
6,0,3,40,227,17.6,0,2
6,0,3,41,227,18.1,0,2
6,0,3,42,227,18.5,0,2
6,0,3,43,227,18.9,0,2
6,0,3,44,227,19.4,0,2
6,0,3,45,227,19.8,0,2
6,0,3,46,227,20.3,0,2
6,0,3,47,227,20.7,0,2
6,0,3,48,227,21.1,0,2
6,0,3,49,227,21.6,0,1
6,0,3,50,227,22.0,0,1
6,0,3,51,227,22.5,0,1
6,0,3,52,227,22.9,0,1
6,0,3,53,227,23.3,0,1
6,0,3,54,227,23.8,0,1
6,0,3,55,227,24.2,0,1
6,0,3,134,227,59.0,0,1
6,0,3,135,227,59.5,0,1
6,0,3,136,227,59.9,0,1
6,0,3,137,227,60.4,0,1
6,0,3,138,227,60.8,0,1
6,0,3,139,227,61.2,0,1
6,0,3,140,227,61.7,0,1
6,0,3,141,227,62.1,0,1
6,0,3,142,227,62.6,0,1
6,0,3,143,227,63.0,0,1
6,0,3,144,227,63.4,0,1
6,0,3,145,227,63.9,0,1
6,0,3,146,227,64.3,0,1
6,0,3,147,227,64.8,0,1
6,0,3,148,227,65.2,0,1
6,0,3,149,227,65.6,0,1
6,0,3,150,227,66.1,0,1
6,0,3,151,227,66.5,0,1
6,0,3,152,227,67.0,0,1
6,0,3,153,227,67.4,0,1
6,0,3,154,227,67.8,0,1
6,0,3,155,227,68.3,0,1
6,0,3,156,227,68.7,0,1
6,0,3,157,227,69.2,0,1
6,0,3,158,227,69.6,0,1
6,0,3,159,227,70.0,0,1
6,0,3,160,227,70.5,0,1
6,0,3,161,227,70.9,0,1
6,0,3,162,227,71.4,0,1
6,0,3,163,227,71.8,0,1
6,0,3,164,227,72.2,0,1
6,0,3,165,227,72.7,0,1
6,0,3,166,227,73.1,0,1
6,0,3,167,227,73.6,0,1
6,0,3,168,227,74.0,0,1
6,0,3,169,227,74.4,0,1
6,0,3,170,227,74.9,0,1
6,0,3,171,227,75.3,0,1
6,0,3,172,227,75.8,0,1
6,0,3,173,227,76.2,0,1
6,0,3,174,227,76.7,0,1
6,0,3,175,227,77.1,0,1
6,0,3,176,227,77.5,0,1
6,0,3,177,227,78.0,0,1
6,0,3,178,227,78.4,0,1
6,0,3,179,227,78.9,0,1
6,0,3,180,227,79.3,0,1
6,0,3,181,227,79.7,0,1
6,0,3,182,227,80.2,0,1
6,0,3,183,227,80.6,0,1
6,0,3,184,227,81.1,0,1
6,0,3,185,227,81.5,0,1
6,0,3,186,227,81.9,0,1
6,0,3,187,227,82.4,0,1
6,0,3,188,227,82.8,0,1
6,0,3,189,227,83.3,0,1
6,0,3,190,227,83.7,0,1
6,0,3,191,227,84.1,0,1
6,0,3,192,227,84.6,0,1
6,0,3,193,227,85.0,0,1
6,0,3,194,227,85.5,0,1
6,0,3,195,227,85.9,0,1
6,0,3,196,227,86.3,0,1
6,0,3,197,227,86.8,0,1
6,0,3,198,227,87.2,0,1
6,0,3,199,227,87.7,0,1
6,0,3,200,227,88.1,0,1
6,0,3,201,227,88.5,0,1
6,0,3,202,227,89.0,0,1
6,0,3,203,227,89.4,0,1
6,0,3,204,227,89.9,0,1
6,0,3,205,227,90.3,0,1
6,0,3,206,227,90.7,0,1
6,0,3,207,227,91.2,0,1
6,0,3,208,227,91.6,0,1
6,0,3,209,227,92.1,0,1
6,0,3,210,227,92.5,0,1
6,0,3,211,227,93.0,0,1
6,0,3,212,227,93.4,0,1
6,0,3,213,227,93.8,0,1
6,0,3,214,227,94.3,0,1
6,0,3,215,227,94.7,0,1
6,0,3,216,227,95.2,0,1
6,0,3,217,227,95.6,0,1
6,0,3,218,227,96.0,0,1
6,0,3,219,227,96.5,0,1
6,0,3,220,227,96.9,0,1
6,0,3,221,227,97.4,0,1
6,0,3,222,227,97.8,0,1
6,0,3,223,227,98.2,0,1
6,0,3,224,227,98.7,0,1
6,0,3,225,227,99.1,0,1
6,0,3,226,227,99.6,0,1
6,0,5,0,186,0.0,2,1
6,0,5,1,186,0.5,2,1
6,0,5,2,186,1.1,2,1
6,0,5,3,186,1.6,2,1
6,0,5,4,186,2.2,2,1
6,0,5,5,186,2.7,2,1
6,0,5,6,186,3.2,2,1
6,0,5,7,186,3.8,2,1
6,0,5,8,186,4.3,2,1
6,0,5,9,186,4.8,2,1
6,0,5,10,186,5.4,2,1
6,0,5,11,186,5.9,2,1
6,0,5,12,186,6.5,2,1
6,0,5,13,186,7.0,2,1
6,0,5,14,186,7.5,2,1
6,0,5,15,186,8.1,2,1
6,0,5,16,186,8.6,2,1
6,0,5,17,186,9.1,2,1
6,0,5,18,186,9.7,2,1
6,0,5,19,186,10.2,2,1
6,0,5,20,186,10.8,2,1
6,0,5,21,186,11.3,2,1
6,0,5,22,186,11.8,2,1
6,0,5,23,186,12.4,2,1
6,0,5,24,186,12.9,2,1
6,0,5,25,186,13.4,2,1
6,0,5,26,186,14.0,2,1
6,0,5,27,186,14.5,2,1
6,0,5,28,186,15.1,2,1
6,0,5,29,186,15.6,2,1
6,0,5,30,186,16.1,2,1
6,0,5,31,186,16.7,2,1
6,0,5,32,186,17.2,2,1
6,0,5,33,186,17.7,2,1
6,0,5,34,186,18.3,2,1
6,0,5,35,186,18.8,2,1
6,0,5,36,186,19.4,2,1
6,0,6,120,226,53.1,0,1
6,0,6,121,226,53.5,0,1
6,0,6,122,226,54.0,0,1
6,0,6,123,226,54.4,0,1
6,0,6,124,226,54.9,0,1
6,0,6,125,226,55.3,0,1
6,0,6,126,226,55.8,0,1
6,0,6,127,226,56.2,0,1
6,0,6,128,226,56.6,0,1
6,0,6,129,226,57.1,0,1
6,0,6,130,226,57.5,0,1
6,0,6,131,226,58.0,0,1
6,0,6,132,226,58.4,0,1
6,0,6,133,226,58.8,0,1
6,0,6,134,226,59.3,0,1
6,0,6,135,226,59.7,0,1
6,0,6,136,226,60.2,0,1
6,0,6,137,226,60.6,0,1
6,0,6,138,226,61.1,0,1
6,0,6,139,226,61.5,0,1
6,0,6,140,226,61.9,0,1
6,0,6,141,226,62.4,0,1
6,0,6,142,226,62.8,0,1
6,0,6,143,226,63.3,0,1
6,0,6,144,226,63.7,0,1
6,0,6,145,226,64.2,0,1
6,0,6,146,226,64.6,0,1
6,0,6,147,226,65.0,0,1
6,0,6,148,226,65.5,0,1
6,0,6,149,226,65.9,0,1
6,0,8,0,252,0.0,2,1
6,0,8,1,252,0.4,2,1
6,0,8,2,252,0.8,2,1
6,0,8,3,252,1.2,2,1
6,0,12,0,224,0.0,1,0
6,0,12,1,224,0.4,1,0
6,0,12,2,224,0.9,1,0
6,0,12,3,224,1.3,1,0
6,0,12,4,224,1.8,1,0
6,0,12,5,224,2.2,1,0
6,0,12,6,224,2.7,1,0
6,0,12,7,224,3.1,1,0
6,0,12,8,224,3.6,1,0
6,0,12,9,224,4.0,1,0
6,0,12,10,224,4.5,1,0
6,0,12,11,224,4.9,1,0
6,0,12,12,224,5.4,1,0
6,0,12,13,224,5.8,1,0
6,0,12,14,224,6.2,1,0
6,0,12,15,224,6.7,1,0
6,0,12,16,224,7.1,1,0
6,0,12,17,224,7.6,1,0
6,0,12,18,224,8.0,1,0
6,0,12,19,224,8.5,1,0
6,0,12,20,224,8.9,1,0
6,0,12,21,224,9.4,1,0
6,0,12,22,224,9.8,1,0
6,0,12,23,224,10.3,1,0
6,0,12,24,224,10.7,1,0
6,0,12,25,224,11.2,1,0
6,0,12,26,224,11.6,1,0
6,0,12,27,224,12.1,1,0
6,0,12,28,224,12.5,1,0
6,0,12,29,224,12.9,1,0
6,0,12,30,224,13.4,1,0
6,0,12,31,224,13.8,1,0
6,0,12,32,224,14.3,1,0
6,0,12,33,224,14.7,1,0
6,0,12,34,224,15.2,1,0
6,0,13,0,227,0.0,2,0
6,0,13,1,227,0.4,2,0
6,0,13,2,227,0.9,2,0
6,0,13,3,227,1.3,2,0
6,0,13,4,227,1.8,2,0
6,0,13,5,227,2.2,2,0
6,0,13,6,227,2.6,2,0
6,0,13,7,227,3.1,2,0
6,0,13,8,227,3.5,2,0
6,0,13,9,227,4.0,2,0
6,0,13,10,227,4.4,2,0
6,0,13,11,227,4.8,2,0
6,0,13,12,227,5.3,2,0
6,0,13,13,227,5.7,2,0
6,0,13,14,227,6.2,2,0
6,0,13,15,227,6.6,2,0
6,0,13,16,227,7.0,2,0
6,0,13,17,227,7.5,2,0
6,0,13,18,227,7.9,2,0
6,0,13,19,227,8.4,2,0
6,0,13,20,227,8.8,2,0
6,0,13,21,227,9.3,2,0
6,0,13,22,227,9.7,2,0
6,0,13,23,227,10.1,2,0
6,0,13,24,227,10.6,2,0
6,0,13,25,227,11.0,2,0
6,0,13,26,227,11.5,2,0
6,0,13,27,227,11.9,2,0
6,0,13,28,227,12.3,2,0
6,0,13,29,227,12.8,2,0
6,0,13,30,227,13.2,2,0
6,0,13,31,227,13.7,2,0
6,0,13,32,227,14.1,2,0
6,0,13,33,227,14.5,2,0
6,0,13,34,227,15.0,2,0
6,0,13,35,227,15.4,2,0
6,0,13,36,227,15.9,2,0
6,0,13,37,227,16.3,2,0
6,0,13,38,227,16.7,2,0
6,0,13,39,227,17.2,2,0
6,0,13,40,227,17.6,2,0
6,0,13,41,227,18.1,2,0
6,0,13,42,227,18.5,2,0
6,0,13,43,227,18.9,2,0
6,0,13,44,227,19.4,2,0
6,0,13,45,227,19.8,2,0
6,0,13,46,227,20.3,2,0
6,0,13,47,227,20.7,2,0
6,0,13,48,227,21.1,2,0
6,0,13,49,227,21.6,2,0
6,0,13,50,227,22.0,2,0
6,0,13,51,227,22.5,2,0
6,0,13,52,227,22.9,2,0
6,0,13,53,227,23.3,2,0
6,0,13,54,227,23.8,2,0
6,0,13,55,227,24.2,2,0
6,0,13,56,227,24.7,2,0
6,0,13,57,227,25.1,2,0
6,0,13,58,227,25.6,2,0
6,0,13,59,227,26.0,2,0
6,0,13,60,227,26.4,2,0
6,0,13,61,227,26.9,2,0
6,0,13,62,227,27.3,2,0
6,0,13,63,227,27.8,2,0
6,0,13,64,227,28.2,2,0
6,0,13,65,227,28.6,2,0
6,0,13,66,227,29.1,2,0
6,0,13,67,227,29.5,2,0
6,0,13,68,227,30.0,2,0
6,0,13,69,227,30.4,2,0
6,0,13,70,227,30.8,2,0
6,0,13,71,227,31.3,2,0
6,0,13,72,227,31.7,2,0
6,0,13,73,227,32.2,2,0
6,0,13,74,227,32.6,2,0
6,0,13,75,227,33.0,2,0
6,0,13,76,227,33.5,2,0
6,0,13,77,227,33.9,2,0
6,0,13,78,227,34.4,2,0
6,0,13,79,227,34.8,2,0
6,0,13,80,227,35.2,2,0
6,0,13,81,227,35.7,2,0
6,0,13,82,227,36.1,2,0
6,0,13,83,227,36.6,2,0
6,0,13,84,227,37.0,2,0
6,0,13,85,227,37.4,2,0
6,0,13,86,227,37.9,2,0
6,0,13,87,227,38.3,2,0
6,0,13,88,227,38.8,2,0
6,0,13,89,227,39.2,2,0
6,0,13,90,227,39.6,2,0
6,0,13,91,227,40.1,2,0
6,0,13,92,227,40.5,2,0
6,0,13,93,227,41.0,2,0
6,0,13,94,227,41.4,2,0
6,0,13,95,227,41.9,2,0
6,0,13,96,227,42.3,2,0
6,0,13,97,227,42.7,2,0
6,0,13,98,227,43.2,2,0
6,0,13,99,227,43.6,2,0
6,0,13,100,227,44.1,2,0
6,0,13,101,227,44.5,2,0
6,0,13,102,227,44.9,2,0
6,0,13,103,227,45.4,2,0
7,0,4,0,176,0.0,1,0
7,0,4,1,176,0.6,1,0
7,0,4,2,176,1.1,1,0
7,0,4,3,176,1.7,1,0
7,0,4,4,176,2.3,1,0
7,0,4,5,176,2.8,1,0
7,0,4,6,176,3.4,1,0
7,0,4,7,176,4.0,1,0
7,0,4,8,176,4.5,1,0
7,0,4,9,176,5.1,1,0
7,0,4,10,176,5.7,1,0
7,0,4,11,176,6.2,1,0
7,0,4,12,176,6.8,1,0
7,0,4,13,176,7.4,1,0
7,0,4,14,176,8.0,1,0
7,0,4,15,176,8.5,1,0
7,0,4,16,176,9.1,1,0
7,0,4,17,176,9.7,1,0
7,0,4,18,176,10.2,1,0
7,0,4,19,176,10.8,1,0
7,0,4,20,176,11.4,1,0
7,0,4,21,176,11.9,1,0
7,0,4,22,176,12.5,1,0
7,0,4,23,176,13.1,1,0
7,0,4,24,176,13.6,1,0
7,0,4,25,176,14.2,1,0
7,0,4,26,176,14.8,1,0
7,0,4,27,176,15.3,1,0
7,0,4,28,176,15.9,1,0
7,0,4,29,176,16.5,1,0
7,0,4,30,176,17.0,1,0
7,0,4,31,176,17.6,1,0
7,0,4,32,176,18.2,1,0
7,0,4,33,176,18.8,1,0
7,0,4,34,176,19.3,1,0
7,0,4,35,176,19.9,1,0
7,0,4,36,176,20.5,1,0
7,0,4,37,176,21.0,1,0
7,0,4,38,176,21.6,1,0
7,0,4,39,176,22.2,1,0
7,0,4,40,176,22.7,1,0
7,0,4,41,176,23.3,1,0
7,0,4,42,176,23.9,1,0
7,0,4,43,176,24.4,1,0
7,0,4,44,176,25.0,1,0
7,0,4,45,176,25.6,1,0
7,0,4,46,176,26.1,1,0
7,0,4,47,176,26.7,1,0
7,0,4,48,176,27.3,1,0
7,0,4,49,176,27.8,1,0
7,0,4,50,176,28.4,1,0
7,0,4,51,176,29.0,1,0
7,0,4,52,176,29.5,1,0
7,0,4,53,176,30.1,1,0
7,0,4,54,176,30.7,1,0
7,0,4,55,176,31.2,1,0
7,0,4,56,176,31.8,1,0
7,0,4,57,176,32.4,1,0
7,0,4,58,176,33.0,1,0
7,0,4,59,176,33.5,1,0
7,0,4,60,176,34.1,1,0
7,0,4,61,176,34.7,1,0
7,0,4,62,176,35.2,1,0
7,0,4,63,176,35.8,1,0
7,0,4,64,176,36.4,1,0
7,0,4,65,176,36.9,1,0
7,0,4,66,176,37.5,1,0
7,0,4,67,176,38.1,1,0
7,0,4,68,176,38.6,1,0
7,0,4,69,176,39.2,1,0
7,0,4,70,176,39.8,1,0
7,0,4,71,176,40.3,1,0
7,0,4,72,176,40.9,1,0
7,0,4,73,176,41.5,1,0
7,0,4,74,176,42.0,1,0
7,0,4,75,176,42.6,1,0
7,0,4,76,176,43.2,1,0
7,0,4,77,176,43.8,1,0
7,0,4,78,176,44.3,1,0
7,0,4,79,176,44.9,1,0
7,0,4,80,176,45.5,1,0
7,0,4,81,176,46.0,1,0
7,0,4,82,176,46.6,1,0
7,0,4,83,176,47.2,1,0
7,0,4,84,176,47.7,1,0
7,0,4,85,176,48.3,1,0
7,0,4,86,176,48.9,1,0
7,0,4,87,176,49.4,1,0
7,0,4,88,176,50.0,1,0
7,0,4,89,176,50.6,1,0
7,0,4,90,176,51.1,1,0
7,0,4,91,176,51.7,1,0
7,0,4,92,176,52.3,1,0
7,0,4,93,176,52.8,1,0
7,0,4,94,176,53.4,1,0
7,0,4,95,176,54.0,1,0
7,0,4,96,176,54.5,1,0
7,0,4,97,176,55.1,1,0
7,0,4,98,176,55.7,1,0
7,0,4,99,176,56.2,1,0
7,0,4,100,176,56.8,1,0
7,0,4,101,176,57.4,1,0
7,0,4,102,176,58.0,1,0
7,0,4,103,176,58.5,1,0
7,0,4,104,176,59.1,1,0
7,0,4,105,176,59.7,1,0
7,0,4,106,176,60.2,1,0
7,0,4,107,176,60.8,1,0
7,0,4,108,176,61.4,1,0
7,0,4,109,176,61.9,1,0
7,0,4,110,176,62.5,1,0
7,0,4,111,176,63.1,1,0
7,0,4,112,176,63.6,1,0
7,0,4,113,176,64.2,1,0
7,0,4,114,176,64.8,1,0
7,0,4,115,176,65.3,1,0
7,0,4,116,176,65.9,1,0
7,0,4,117,176,66.5,1,0
7,0,4,118,176,67.0,1,0
7,0,4,119,176,67.6,1,0
7,0,6,27,226,11.9,0,1
7,0,6,28,226,12.4,0,1
7,0,6,29,226,12.8,0,1
7,0,6,30,226,13.3,0,1
7,0,6,31,226,13.7,0,1
7,0,6,32,226,14.2,0,1
7,0,6,33,226,14.6,0,1
7,0,6,34,226,15.0,0,1
7,0,6,35,226,15.5,0,1
7,0,6,36,226,15.9,0,1
7,0,6,37,226,16.4,0,1
7,0,6,38,226,16.8,0,1
7,0,6,39,226,17.3,0,1
7,0,6,40,226,17.7,0,1
7,0,6,41,226,18.1,0,1
7,0,6,42,226,18.6,0,1
7,0,6,43,226,19.0,0,1
7,0,6,44,226,19.5,0,1
7,0,6,45,226,19.9,0,1
7,0,6,46,226,20.4,0,1
7,0,6,47,226,20.8,0,1
7,0,6,48,226,21.2,0,1
7,0,6,49,226,21.7,0,1
7,0,6,50,226,22.1,0,1
7,0,6,51,226,22.6,0,1
7,0,6,52,226,23.0,0,1
7,0,6,53,226,23.5,0,1
9,0,10,8,224,3.6,1,0
9,0,10,9,224,4.0,1,0
9,0,10,10,224,4.5,1,0
9,0,10,11,224,4.9,1,0
9,0,10,12,224,5.4,1,0
9,0,10,13,224,5.8,1,0
9,0,10,14,224,6.2,1,0
9,0,10,15,224,6.7,1,0
9,0,10,16,224,7.1,1,0
9,0,10,17,224,7.6,1,0
9,0,10,18,224,8.0,1,0
9,0,10,19,224,8.5,1,0
9,0,10,20,224,8.9,1,0
9,0,10,21,224,9.4,1,0
9,0,10,22,224,9.8,1,0
9,0,10,23,224,10.3,1,0
9,0,10,24,224,10.7,1,0
9,0,10,25,224,11.2,1,0
9,0,10,26,224,11.6,1,0
9,0,10,27,224,12.1,1,0
9,0,10,28,224,12.5,1,0
9,0,10,29,224,12.9,1,0
9,0,10,30,224,13.4,1,0
9,0,10,31,224,13.8,1,0
9,0,10,32,224,14.3,1,0
9,0,10,33,224,14.7,1,0
9,0,10,34,224,15.2,1,0
9,0,10,35,224,15.6,1,0
9,0,10,36,224,16.1,1,0
9,0,10,37,224,16.5,1,0
9,0,10,38,224,17.0,1,0
9,0,10,39,224,17.4,1,0
9,0,10,40,224,17.9,1,0
9,0,10,41,224,18.3,1,0
9,0,10,42,224,18.8,1,0
9,0,10,43,224,19.2,1,0
9,0,10,44,224,19.6,1,0
9,0,10,45,224,20.1,1,0
9,0,10,46,224,20.5,1,0
9,0,10,47,224,21.0,1,0
9,0,10,48,224,21.4,1,0
9,0,10,49,224,21.9,1,0
9,0,10,50,224,22.3,1,0
9,0,10,51,224,22.8,1,0
9,0,10,52,224,23.2,1,0
9,0,10,53,224,23.7,1,0
9,0,10,54,224,24.1,1,0
9,0,10,55,224,24.6,1,0
9,0,10,56,224,25.0,1,0
9,0,10,57,224,25.4,1,0
9,0,10,58,224,25.9,1,0
9,0,10,59,224,26.3,1,0
9,0,10,60,224,26.8,1,0
9,0,10,61,224,27.2,1,0
9,0,10,62,224,27.7,1,0
9,0,10,63,224,28.1,1,0
9,0,10,64,224,28.6,1,0
9,0,10,65,224,29.0,1,0
9,0,10,66,224,29.5,1,0
9,0,10,67,224,29.9,1,0
9,0,10,68,224,30.4,1,0
9,0,10,69,224,30.8,1,0
9,0,10,70,224,31.2,1,0
9,0,10,71,224,31.7,1,0
9,0,10,72,224,32.1,1,0
9,0,10,73,224,32.6,1,0
9,0,10,74,224,33.0,1,0
9,0,10,75,224,33.5,1,0
9,0,10,76,224,33.9,1,0
9,0,10,77,224,34.4,1,0
9,0,11,0,222,0.0,0,1
9,0,11,1,222,0.5,0,1
9,0,11,2,222,0.9,0,1
9,0,11,3,222,1.4,0,1
9,0,11,4,222,1.8,0,1
9,0,11,5,222,2.3,0,1
9,0,11,6,222,2.7,0,1
9,0,11,7,222,3.2,0,1
9,0,11,8,222,3.6,0,1
9,0,11,9,222,4.1,0,1
9,0,11,10,222,4.5,0,1
9,0,11,11,222,5.0,0,1
9,0,11,12,222,5.4,0,1
9,0,11,13,222,5.9,0,1
9,0,11,14,222,6.3,0,1
9,0,11,15,222,6.8,0,1
9,0,11,16,222,7.2,0,1
9,0,11,17,222,7.7,0,1
9,0,11,18,222,8.1,0,1
9,0,11,19,222,8.6,0,1
9,0,11,20,222,9.0,0,1
9,0,11,21,222,9.5,0,1
9,0,11,22,222,9.9,0,1
9,0,11,23,222,10.4,0,1
9,0,11,24,222,10.8,0,1
9,0,11,25,222,11.3,0,1
9,0,11,26,222,11.7,0,1
9,0,11,27,222,12.2,0,1
9,0,11,28,222,12.6,0,1
9,0,11,29,222,13.1,0,1
9,0,11,30,222,13.5,0,1
9,0,11,31,222,14.0,0,1
9,0,11,32,222,14.4,0,1
9,0,11,33,222,14.9,0,1
9,0,11,34,222,15.3,0,1
9,0,11,35,222,15.8,0,1
9,0,11,36,222,16.2,0,1
9,0,11,37,222,16.7,0,1
9,0,11,38,222,17.1,0,1
9,0,11,39,222,17.6,0,1
9,0,11,40,222,18.0,0,1
9,0,11,41,222,18.5,0,1
9,0,11,42,222,18.9,0,1
9,0,11,43,222,19.4,0,1
9,0,11,44,222,19.8,0,1
9,0,11,45,222,20.3,0,1
9,0,11,46,222,20.7,0,1
9,0,11,47,222,21.2,0,1
9,0,11,48,222,21.6,0,1
9,0,11,49,222,22.1,0,1
9,0,11,50,222,22.5,0,1
9,0,11,51,222,23.0,0,1
9,0,11,52,222,23.4,0,1
9,0,11,53,222,23.9,0,1
9,0,11,54,222,24.3,0,1
9,0,11,55,222,24.8,0,1
9,0,11,56,222,25.2,0,1
9,0,11,57,222,25.7,0,1
9,0,11,58,222,26.1,0,1
9,0,11,59,222,26.6,0,1
9,0,11,60,222,27.0,0,1
9,0,11,61,222,27.5,0,1
10,0,1,151,222,68.0,1,0
10,0,1,152,222,68.5,1,0
10,0,1,153,222,68.9,1,0
10,0,1,154,222,69.4,1,0
10,0,1,155,222,69.8,1,0
10,0,1,156,222,70.3,1,0
10,0,1,157,222,70.7,1,0
10,0,1,158,222,71.2,1,0
10,0,1,159,222,71.6,1,0
10,0,1,160,222,72.1,1,0
10,0,1,161,222,72.5,1,0
10,0,1,162,222,73.0,1,0
10,0,1,163,222,73.4,1,0
10,0,1,164,222,73.9,1,0
10,0,1,165,222,74.3,1,0
10,0,1,166,222,74.8,1,0
10,0,1,167,222,75.2,1,0
10,0,1,168,222,75.7,1,0
10,0,1,169,222,76.1,1,0
10,0,1,170,222,76.6,1,0
10,0,1,171,222,77.0,1,0
10,0,1,172,222,77.5,1,0
10,0,1,173,222,77.9,1,0
10,0,1,174,222,78.4,1,0
10,0,1,175,222,78.8,1,0
10,0,1,176,222,79.3,1,0
10,0,1,177,222,79.7,1,0
10,0,1,178,222,80.2,1,0
10,0,1,179,222,80.6,1,0
10,0,1,180,222,81.1,1,0
10,0,1,181,222,81.5,1,0
10,0,1,182,222,82.0,1,0
10,0,1,183,222,82.4,1,0
10,0,1,184,222,82.9,1,0
10,0,1,185,222,83.3,1,0
10,0,1,186,222,83.8,1,0
10,0,1,187,222,84.2,1,0
10,0,1,188,222,84.7,1,0
10,0,1,189,222,85.1,1,0
10,0,1,190,222,85.6,1,0
10,0,1,191,222,86.0,1,0
10,0,1,192,222,86.5,1,0
10,0,1,193,222,86.9,1,0
10,0,1,194,222,87.4,1,0
10,0,1,195,222,87.8,1,0
10,0,1,196,222,88.3,1,0
10,0,1,197,222,88.7,1,0
10,0,1,198,222,89.2,1,0
10,0,1,199,222,89.6,1,0
10,0,1,200,222,90.1,1,0
10,0,1,201,222,90.5,1,0
10,0,1,202,222,91.0,1,0
10,0,1,203,222,91.4,1,0
10,0,1,204,222,91.9,1,0
10,0,1,205,222,92.3,1,0
10,0,1,206,222,92.8,1,0
10,0,1,207,222,93.2,1,0
10,0,1,208,222,93.7,1,0
10,0,1,209,222,94.1,1,0
10,0,1,210,222,94.6,1,0
10,0,1,211,222,95.0,1,0
10,0,1,212,222,95.5,1,0
10,0,1,213,222,95.9,1,0
10,0,1,214,222,96.4,1,0
10,0,1,215,222,96.8,1,0
10,0,1,216,222,97.3,1,0
10,0,1,217,222,97.7,1,0
10,0,1,218,222,98.2,1,0
10,0,1,219,222,98.6,1,0
10,0,1,220,222,99.1,1,0
10,0,1,221,222,99.5,1,0
10,0,4,35,176,19.9,1,0
10,0,4,36,176,20.5,1,0
10,0,4,37,176,21.0,1,0
10,0,4,38,176,21.6,1,0
10,0,4,39,176,22.2,1,0
10,0,4,40,176,22.7,1,0
10,0,4,41,176,23.3,1,0
10,0,4,42,176,23.9,1,0
10,0,4,43,176,24.4,1,0
10,0,4,44,176,25.0,1,0
10,0,4,45,176,25.6,1,0
10,0,4,46,176,26.1,1,0
10,0,4,47,176,26.7,1,0
10,0,4,48,176,27.3,1,0
10,0,4,49,176,27.8,1,0
10,0,4,50,176,28.4,1,0
10,0,4,51,176,29.0,1,0
10,0,4,52,176,29.5,1,0
10,0,4,53,176,30.1,1,0
10,0,4,54,176,30.7,1,0
10,0,4,55,176,31.2,1,0
10,0,4,56,176,31.8,1,0
10,0,4,57,176,32.4,1,0
10,0,4,58,176,33.0,1,0
10,0,4,59,176,33.5,1,0
10,0,4,60,176,34.1,1,0
10,0,4,61,176,34.7,1,0
10,0,4,62,176,35.2,1,0
10,0,4,63,176,35.8,1,0
10,0,4,64,176,36.4,1,0
10,0,4,65,176,36.9,1,0
10,0,4,66,176,37.5,1,0
10,0,4,67,176,38.1,1,0
10,0,4,68,176,38.6,1,0
10,0,7,0,206,0.0,1,0
10,0,7,1,206,0.5,1,0
10,0,7,2,206,1.0,1,0
10,0,7,3,206,1.5,1,0
10,0,7,4,206,1.9,1,0
10,0,7,5,206,2.4,1,0
10,0,7,6,206,2.9,1,0
10,0,7,7,206,3.4,1,0
10,0,7,8,206,3.9,1,0
10,0,7,9,206,4.4,1,0
10,0,7,10,206,4.9,1,0
10,0,7,11,206,5.3,1,0
10,0,7,12,206,5.8,1,0
10,0,7,13,206,6.3,1,0
10,0,7,14,206,6.8,1,0
10,0,7,15,206,7.3,1,0
10,0,7,16,206,7.8,1,0
10,0,7,17,206,8.3,1,0
10,0,7,18,206,8.7,1,0
10,0,7,19,206,9.2,1,0
10,0,7,20,206,9.7,1,0
10,0,7,21,206,10.2,1,0
10,0,7,22,206,10.7,1,0
10,0,7,23,206,11.2,1,0
10,0,7,24,206,11.7,1,0
10,0,7,25,206,12.1,1,0
10,0,7,26,206,12.6,1,0
10,0,7,27,206,13.1,1,0
10,0,7,28,206,13.6,1,0
10,0,7,29,206,14.1,1,0
10,0,7,30,206,14.6,1,0
10,0,7,31,206,15.0,1,0
10,0,7,32,206,15.5,1,0
10,0,7,33,206,16.0,1,0
10,0,7,34,206,16.5,1,0
10,0,7,35,206,17.0,1,0
10,0,7,36,206,17.5,1,0
10,0,7,37,206,18.0,1,0
10,0,7,38,206,18.4,1,0
10,0,7,39,206,18.9,1,0
10,0,7,40,206,19.4,1,0
10,0,7,41,206,19.9,1,0
10,0,7,42,206,20.4,1,0
10,0,7,43,206,20.9,1,0
10,0,7,44,206,21.4,1,0
10,0,7,45,206,21.8,1,0
10,0,7,46,206,22.3,1,0
10,0,7,47,206,22.8,1,0
10,0,7,48,206,23.3,1,0
10,0,7,49,206,23.8,1,0
10,0,7,50,206,24.3,1,0
10,0,7,51,206,24.8,1,0
10,0,7,52,206,25.2,1,0
10,0,7,53,206,25.7,1,0
10,0,7,54,206,26.2,1,0
10,0,7,55,206,26.7,1,0
10,0,7,56,206,27.2,1,0
10,0,7,57,206,27.7,1,0
10,0,7,58,206,28.2,1,0
10,0,7,59,206,28.6,1,0
10,0,7,60,206,29.1,1,0
10,0,7,61,206,29.6,1,0
10,0,7,62,206,30.1,1,0
10,0,7,63,206,30.6,1,0
10,0,7,64,206,31.1,1,0
10,0,7,65,206,31.6,1,0
10,0,7,66,206,32.0,1,0
10,0,7,67,206,32.5,1,0
10,0,7,68,206,33.0,1,0
10,0,7,69,206,33.5,1,0
10,0,7,70,206,34.0,1,0
10,0,7,71,206,34.5,1,0
10,0,7,72,206,35.0,1,0
10,0,7,73,206,35.4,1,0
10,0,11,0,222,0.0,0,1
10,0,11,1,222,0.5,0,1
10,0,11,2,222,0.9,0,1
10,0,11,3,222,1.4,0,1
10,0,11,4,222,1.8,0,1
10,0,11,5,222,2.3,0,1
10,0,11,6,222,2.7,0,1
10,0,11,7,222,3.2,0,1
10,0,11,8,222,3.6,0,1
10,0,11,9,222,4.1,0,1
10,0,11,10,222,4.5,0,1
10,0,11,11,222,5.0,0,1
10,0,11,12,222,5.4,0,1
10,0,11,13,222,5.9,0,1
10,0,11,14,222,6.3,0,1
10,0,11,15,222,6.8,0,1
10,0,11,16,222,7.2,0,1
10,0,11,17,222,7.7,0,1
10,0,11,18,222,8.1,0,1
10,0,11,19,222,8.6,0,1
10,0,11,20,222,9.0,0,1
10,0,11,21,222,9.5,0,1
10,0,11,22,222,9.9,0,1
10,0,11,23,222,10.4,0,1
10,0,11,24,222,10.8,0,1
10,0,11,25,222,11.3,0,1
10,0,11,26,222,11.7,0,1
10,0,11,27,222,12.2,0,1
10,0,11,28,222,12.6,0,1
10,0,11,29,222,13.1,0,1
10,0,11,30,222,13.5,0,1
10,0,11,31,222,14.0,0,1
10,0,11,32,222,14.4,0,1
10,0,11,33,222,14.9,0,1
10,0,11,34,222,15.3,0,1
10,0,11,35,222,15.8,0,1
10,0,11,36,222,16.2,0,1
10,0,11,37,222,16.7,0,1
10,0,11,38,222,17.1,0,1
10,0,11,39,222,17.6,0,1
10,0,11,40,222,18.0,0,1
10,0,11,41,222,18.5,0,1
10,0,11,42,222,18.9,0,1
10,0,11,43,222,19.4,0,1
10,0,11,44,222,19.8,0,1
10,0,11,45,222,20.3,0,1
10,0,11,46,222,20.7,0,1
10,0,11,47,222,21.2,0,1
10,0,11,48,222,21.6,0,1
10,0,11,49,222,22.1,0,1
10,0,11,50,222,22.5,0,1
10,0,11,51,222,23.0,0,1
10,0,11,52,222,23.4,0,1
10,0,11,53,222,23.9,0,1
10,0,11,54,222,24.3,0,1
10,0,11,55,222,24.8,0,1
10,0,11,56,222,25.2,0,1
10,0,11,57,222,25.7,0,1
10,0,11,58,222,26.1,0,1
10,0,11,59,222,26.6,0,1
10,0,11,60,222,27.0,0,1
10,0,11,61,222,27.5,0,1
10,0,11,62,222,27.9,0,1
10,0,11,63,222,28.4,0,1
10,0,11,64,222,28.8,0,1
10,0,11,65,222,29.3,0,1
10,0,11,66,222,29.7,0,1
10,0,11,67,222,30.2,0,1
10,0,11,68,222,30.6,0,1
10,0,11,69,222,31.1,0,1
10,0,11,70,222,31.5,0,1
10,0,11,183,222,82.4,0,1
10,0,11,184,222,82.9,0,1
10,0,11,185,222,83.3,0,1
10,0,11,186,222,83.8,0,1
10,0,11,187,222,84.2,0,1
10,0,11,188,222,84.7,0,1
10,0,11,189,222,85.1,0,1
10,0,11,190,222,85.6,0,1
10,0,11,191,222,86.0,0,1
10,0,11,192,222,86.5,0,1
10,0,11,193,222,86.9,0,1
10,0,11,194,222,87.4,0,1
10,0,11,195,222,87.8,0,1
10,0,11,196,222,88.3,0,1
10,0,11,197,222,88.7,0,1
10,0,11,198,222,89.2,0,1
10,0,11,199,222,89.6,0,1
10,0,11,200,222,90.1,0,1
10,0,11,201,222,90.5,0,1
10,0,11,202,222,91.0,0,1
10,0,11,203,222,91.4,0,1
10,0,11,204,222,91.9,0,1
10,0,11,205,222,92.3,0,1
10,0,11,206,222,92.8,0,1
10,0,11,207,222,93.2,0,1
10,0,11,208,222,93.7,0,1
10,0,11,209,222,94.1,0,1
10,0,11,210,222,94.6,0,1
10,0,11,211,222,95.0,0,1
10,0,11,212,222,95.5,0,1
10,0,11,213,222,95.9,0,1
10,0,11,214,222,96.4,0,1
10,0,11,215,222,96.8,0,1
10,0,11,216,222,97.3,0,1
10,0,11,217,222,97.7,0,1
10,0,11,218,222,98.2,0,1
10,0,11,219,222,98.6,0,1
10,0,11,220,222,99.1,0,1
10,0,11,221,222,99.5,0,1
10,0,14,35,196,17.9,0,2
10,0,14,36,196,18.4,0,2
10,0,14,37,196,18.9,0,2
10,0,14,38,196,19.4,0,2
10,0,14,39,196,19.9,0,2
10,0,14,40,196,20.4,0,2
10,0,14,41,196,20.9,0,2
10,0,14,42,196,21.4,0,2
10,0,14,43,196,21.9,0,2
10,0,14,44,196,22.4,0,2
10,0,14,45,196,23.0,0,2
10,0,14,46,196,23.5,0,2
10,0,14,47,196,24.0,0,2
10,0,14,48,196,24.5,0,2
10,0,14,49,196,25.0,0,2
10,0,14,50,196,25.5,0,2
10,0,14,51,196,26.0,0,2
10,0,14,52,196,26.5,0,2
10,0,14,53,196,27.0,0,2
10,0,14,54,196,27.6,0,2
10,0,14,55,196,28.1,0,2
10,0,14,56,196,28.6,0,2
10,0,14,57,196,29.1,0,2
10,0,14,58,196,29.6,0,2
10,0,14,59,196,30.1,0,2
10,0,14,60,196,30.6,0,2
10,0,14,61,196,31.1,0,2
11,0,10,0,224,0.0,1,2
11,0,10,1,224,0.4,1,2
11,0,10,2,224,0.9,1,2
11,0,10,3,224,1.3,1,2
11,0,10,4,224,1.8,1,2
11,0,10,5,224,2.2,1,2
11,0,10,6,224,2.7,1,2
11,0,10,7,224,3.1,1,2
11,0,10,8,224,3.6,1,2
11,0,10,9,224,4.0,1,2
11,0,10,10,224,4.5,1,2
11,0,10,11,224,4.9,1,2
11,0,10,12,224,5.4,1,2
11,0,10,13,224,5.8,1,2
11,0,10,14,224,6.2,1,2
11,0,10,15,224,6.7,1,2
11,0,10,16,224,7.1,1,2
11,0,10,17,224,7.6,1,2
11,0,10,18,224,8.0,1,2
11,0,10,19,224,8.5,1,2
11,0,10,20,224,8.9,1,2
11,0,10,21,224,9.4,1,2
11,0,10,22,224,9.8,1,2
11,0,10,23,224,10.3,1,2
11,0,10,24,224,10.7,1,2
11,0,10,25,224,11.2,1,2
11,0,10,26,224,11.6,1,2
11,0,10,27,224,12.1,1,2
11,0,10,28,224,12.5,1,2
11,0,10,29,224,12.9,1,2
11,0,10,30,224,13.4,1,2
11,0,10,31,224,13.8,1,2
11,0,10,32,224,14.3,1,2
11,0,10,33,224,14.7,1,2
11,0,10,34,224,15.2,1,2
11,0,10,35,224,15.6,1,2
11,0,10,36,224,16.1,1,2
11,0,10,37,224,16.5,1,2
11,0,10,38,224,17.0,1,2
11,0,10,39,224,17.4,1,2
11,0,10,40,224,17.9,1,2
11,0,10,41,224,18.3,1,2
11,0,10,42,224,18.8,1,2
11,0,10,43,224,19.2,1,2
11,0,10,44,224,19.6,1,2
11,0,10,45,224,20.1,1,2
11,0,10,46,224,20.5,1,2
11,0,10,47,224,21.0,1,2
11,0,10,48,224,21.4,1,2
11,0,10,49,224,21.9,1,2
11,0,10,50,224,22.3,1,2
11,0,10,51,224,22.8,1,2
11,0,10,52,224,23.2,1,2
11,0,10,53,224,23.7,1,2
11,0,10,54,224,24.1,1,2
11,0,10,55,224,24.6,1,2
11,0,10,56,224,25.0,1,2
11,0,10,57,224,25.4,1,2
11,0,10,58,224,25.9,1,2
11,0,10,59,224,26.3,1,2
11,0,10,60,224,26.8,1,2
11,0,10,61,224,27.2,1,2
11,0,10,62,224,27.7,1,2
11,0,10,63,224,28.1,1,2
11,0,10,64,224,28.6,1,2
11,0,10,65,224,29.0,1,2
11,0,10,66,224,29.5,1,2
11,0,10,67,224,29.9,1,2
11,0,10,68,224,30.4,1,2
11,0,10,69,224,30.8,1,2
11,0,10,70,224,31.2,1,2
11,0,10,71,224,31.7,1,2
11,0,10,72,224,32.1,1,2
11,0,10,73,224,32.6,1,2
11,0,10,74,224,33.0,1,2
11,0,10,75,224,33.5,1,2
11,0,10,76,224,33.9,1,2
11,0,10,77,224,34.4,1,2
11,0,10,78,224,34.8,1,2
11,0,10,79,224,35.3,1,2
11,0,10,80,224,35.7,1,2
11,0,10,81,224,36.2,1,2
11,0,10,82,224,36.6,1,2
11,0,10,83,224,37.1,1,2
11,0,10,84,224,37.5,1,2
11,0,10,85,224,37.9,1,2
11,0,10,86,224,38.4,1,2
11,0,10,87,224,38.8,1,2
11,0,10,88,224,39.3,1,2
11,0,10,89,224,39.7,1,2
11,0,10,90,224,40.2,1,2
11,0,10,91,224,40.6,1,2
11,0,10,92,224,41.1,1,2
11,0,10,93,224,41.5,1,2
11,0,10,94,224,42.0,1,2
11,0,10,95,224,42.4,1,2
11,0,10,96,224,42.9,1,2
11,0,10,97,224,43.3,1,2
11,0,10,98,224,43.8,1,2
11,0,10,99,224,44.2,1,2
11,0,10,100,224,44.6,1,2
11,0,10,101,224,45.1,1,2
11,0,10,102,224,45.5,1,2
11,0,10,103,224,46.0,1,2
11,0,10,104,224,46.4,1,2
11,0,10,105,224,46.9,1,2
11,0,10,106,224,47.3,1,2
11,0,10,107,224,47.8,1,2
11,0,10,108,224,48.2,1,2
11,0,10,109,224,48.7,1,2
11,0,10,110,224,49.1,1,2
11,0,10,111,224,49.6,1,2
11,0,10,112,224,50.0,1,2
11,0,10,113,224,50.4,1,2
11,0,10,114,224,50.9,1,2
11,0,10,115,224,51.3,1,2
11,0,10,116,224,51.8,1,2
11,0,10,117,224,52.2,1,2
11,0,10,118,224,52.7,1,2
11,0,10,119,224,53.1,1,2
11,0,10,120,224,53.6,1,2
11,0,10,121,224,54.0,1,2
11,0,10,122,224,54.5,1,2
11,0,10,123,224,54.9,1,2
11,0,10,124,224,55.4,1,2
11,0,10,125,224,55.8,1,2
11,0,10,126,224,56.2,1,2
11,0,10,127,224,56.7,1,2
11,0,10,128,224,57.1,1,2
11,0,10,129,224,57.6,1,2
11,0,10,130,224,58.0,1,2
11,0,10,131,224,58.5,1,2
11,0,10,132,224,58.9,1,2
11,0,10,133,224,59.4,1,2
11,0,10,134,224,59.8,1,2
11,0,10,135,224,60.3,1,2
11,0,10,136,224,60.7,1,2
11,0,13,0,227,0.0,2,0
11,0,13,1,227,0.4,2,0
11,0,13,2,227,0.9,2,0
11,0,13,3,227,1.3,2,0
11,0,13,4,227,1.8,2,0
11,0,13,5,227,2.2,2,0
11,0,13,6,227,2.6,2,0
11,0,13,7,227,3.1,2,0
11,0,13,8,227,3.5,2,0
11,0,13,9,227,4.0,2,0
11,0,13,10,227,4.4,2,0
11,0,13,11,227,4.8,2,0
11,0,13,12,227,5.3,2,0
11,0,13,13,227,5.7,2,0
11,0,13,14,227,6.2,2,0
11,0,13,15,227,6.6,2,0
11,0,13,16,227,7.0,2,0
11,0,13,17,227,7.5,2,0
11,0,13,18,227,7.9,2,0
11,0,13,19,227,8.4,2,0
11,0,13,20,227,8.8,2,0
11,0,13,21,227,9.3,2,0
11,0,13,22,227,9.7,2,0
11,0,13,23,227,10.1,2,0
11,0,13,24,227,10.6,2,0
11,0,13,25,227,11.0,2,0
11,0,13,26,227,11.5,2,0
11,0,13,27,227,11.9,2,0
11,0,13,28,227,12.3,2,0
11,0,13,29,227,12.8,2,0
11,0,13,30,227,13.2,2,0
11,0,13,31,227,13.7,2,0
11,0,13,32,227,14.1,2,0
11,0,13,33,227,14.5,2,0
11,0,13,34,227,15.0,2,0
11,0,13,35,227,15.4,2,0
11,0,13,36,227,15.9,2,0
11,0,13,37,227,16.3,2,0
11,0,13,38,227,16.7,2,0
11,0,13,39,227,17.2,2,0
11,0,13,40,227,17.6,2,0
11,0,13,41,227,18.1,2,0
11,0,13,42,227,18.5,2,0
11,0,13,43,227,18.9,2,0
11,0,13,44,227,19.4,2,0
11,0,13,45,227,19.8,2,0
11,0,13,46,227,20.3,2,0
11,0,13,47,227,20.7,2,0
11,0,13,48,227,21.1,2,0
11,0,13,49,227,21.6,2,0
11,0,13,50,227,22.0,2,0
11,0,13,51,227,22.5,2,0
11,0,13,52,227,22.9,2,0
11,0,13,53,227,23.3,2,0
11,0,13,54,227,23.8,2,0
11,0,13,55,227,24.2,2,0
11,0,13,56,227,24.7,2,0
11,0,13,57,227,25.1,2,0
11,0,13,58,227,25.6,2,0
11,0,13,59,227,26.0,2,0
11,0,13,60,227,26.4,2,0
11,0,13,61,227,26.9,2,0
11,0,13,62,227,27.3,2,0
11,0,13,63,227,27.8,2,0
11,0,13,64,227,28.2,2,0
11,0,13,65,227,28.6,2,0
11,0,13,66,227,29.1,2,0
11,0,13,67,227,29.5,2,0
11,0,13,68,227,30.0,2,0
11,0,13,69,227,30.4,2,0
11,0,13,70,227,30.8,2,0
11,0,13,71,227,31.3,2,0
11,0,13,72,227,31.7,2,0
11,0,13,73,227,32.2,2,0
11,0,13,74,227,32.6,2,0
11,0,13,75,227,33.0,2,0
11,0,13,76,227,33.5,2,0
11,0,13,77,227,33.9,2,0
11,0,13,78,227,34.4,2,0
11,0,13,79,227,34.8,2,0
11,0,13,80,227,35.2,2,0
11,0,13,81,227,35.7,2,0
11,0,13,82,227,36.1,2,0
11,0,13,83,227,36.6,2,0
11,0,13,84,227,37.0,2,0
11,0,13,85,227,37.4,2,0
11,0,13,86,227,37.9,2,0
11,0,13,87,227,38.3,2,0
11,0,13,88,227,38.8,2,0
11,0,13,89,227,39.2,2,0
11,0,13,90,227,39.6,2,0
11,0,13,91,227,40.1,2,0
11,0,13,92,227,40.5,2,0
11,0,13,93,227,41.0,2,0
11,0,13,94,227,41.4,2,0
11,0,13,95,227,41.9,2,0
11,0,13,96,227,42.3,2,0
11,0,13,97,227,42.7,2,0
11,0,13,98,227,43.2,2,0
11,0,13,99,227,43.6,2,0
11,0,13,100,227,44.1,2,0
11,0,13,101,227,44.5,2,0
11,0,13,102,227,44.9,2,0
11,0,13,103,227,45.4,2,0
11,0,13,104,227,45.8,2,0
11,0,13,105,227,46.3,2,0
11,0,13,106,227,46.7,2,0
11,0,13,107,227,47.1,2,0
11,0,13,108,227,47.6,2,0
11,0,13,109,227,48.0,2,0
11,0,13,110,227,48.5,2,0
11,0,13,111,227,48.9,2,0
11,0,13,112,227,49.3,2,0
11,0,13,113,227,49.8,2,0
11,0,13,114,227,50.2,2,0
11,0,13,115,227,50.7,2,0
11,0,13,116,227,51.1,2,0
11,0,13,117,227,51.5,2,0
11,0,13,118,227,52.0,2,0
11,0,13,119,227,52.4,2,0
11,0,13,120,227,52.9,2,0
11,0,13,121,227,53.3,2,0
11,0,13,122,227,53.7,2,0
11,0,13,123,227,54.2,2,0
11,0,13,124,227,54.6,2,0
11,0,13,125,227,55.1,2,0
11,0,13,126,227,55.5,2,0
11,0,13,127,227,55.9,2,0
11,0,13,128,227,56.4,2,0
11,0,13,129,227,56.8,2,0
11,0,13,130,227,57.3,2,0
11,0,13,131,227,57.7,2,0
11,0,13,132,227,58.1,2,0
11,0,13,133,227,58.6,2,0
11,0,13,134,227,59.0,2,0
12,0,1,118,222,53.2,1,0
12,0,1,119,222,53.6,1,0
12,0,1,120,222,54.1,1,0
12,0,1,121,222,54.5,1,0
12,0,1,122,222,55.0,1,0
12,0,1,123,222,55.4,1,0
12,0,1,124,222,55.9,1,0
12,0,1,125,222,56.3,1,0
12,0,1,126,222,56.8,1,0
12,0,1,127,222,57.2,1,0
12,0,1,128,222,57.7,1,0
12,0,1,129,222,58.1,1,0
12,0,1,130,222,58.6,1,0
12,0,1,131,222,59.0,1,0
12,0,1,132,222,59.5,1,0
12,0,1,133,222,59.9,1,0
12,0,1,134,222,60.4,1,0
12,0,1,135,222,60.8,1,0
12,0,1,136,222,61.3,1,0
12,0,1,137,222,61.7,1,0
12,0,1,138,222,62.2,1,0
12,0,1,139,222,62.6,1,0
12,0,1,140,222,63.1,1,0
12,0,1,141,222,63.5,1,0
12,0,1,142,222,64.0,1,0
12,0,1,143,222,64.4,1,0
12,0,1,144,222,64.9,1,0
12,0,1,145,222,65.3,1,0
12,0,1,146,222,65.8,1,0
12,0,1,147,222,66.2,1,0
12,0,1,148,222,66.7,1,0
12,0,1,149,222,67.1,1,0
12,0,1,150,222,67.6,1,0
12,0,1,151,222,68.0,1,0
12,0,1,152,222,68.5,1,0
12,0,1,153,222,68.9,1,0
12,0,1,154,222,69.4,1,0
12,0,1,155,222,69.8,1,0
12,0,1,156,222,70.3,1,0
12,0,1,157,222,70.7,1,0
12,0,1,158,222,71.2,1,0
12,0,1,159,222,71.6,1,0
12,0,1,160,222,72.1,1,0
12,0,1,161,222,72.5,1,0
12,0,1,162,222,73.0,1,0
12,0,1,163,222,73.4,1,0
12,0,1,164,222,73.9,1,0
12,0,1,165,222,74.3,1,0
12,0,1,166,222,74.8,1,0
12,0,1,167,222,75.2,1,0
12,0,1,168,222,75.7,1,0
12,0,1,169,222,76.1,1,0
12,0,1,170,222,76.6,1,0
12,0,1,171,222,77.0,1,0
12,0,1,172,222,77.5,1,0
12,0,1,173,222,77.9,1,0
12,0,1,174,222,78.4,1,0
12,0,1,175,222,78.8,1,0
12,0,1,176,222,79.3,1,0
13,0,5,0,186,0.0,2,0
13,0,5,1,186,0.5,2,0
13,0,5,2,186,1.1,2,0
13,0,5,3,186,1.6,2,0
13,0,5,4,186,2.2,2,0
13,0,5,5,186,2.7,2,0
13,0,5,6,186,3.2,2,0
13,0,5,7,186,3.8,2,0
13,0,5,8,186,4.3,2,0
13,0,5,9,186,4.8,2,0
13,0,5,10,186,5.4,2,0
13,0,5,11,186,5.9,2,0
13,0,5,12,186,6.5,2,0
13,0,5,13,186,7.0,2,0
13,0,5,14,186,7.5,2,0
13,0,5,15,186,8.1,2,0
13,0,5,16,186,8.6,2,0
13,0,5,17,186,9.1,2,0
13,0,5,18,186,9.7,2,0
13,0,5,19,186,10.2,2,0
13,0,5,20,186,10.8,2,0
13,0,5,21,186,11.3,2,0
13,0,5,22,186,11.8,2,0
13,0,5,23,186,12.4,2,0
13,0,5,24,186,12.9,2,0
13,0,5,25,186,13.4,2,0
13,0,5,26,186,14.0,2,0
13,0,5,27,186,14.5,2,0
13,0,5,28,186,15.1,2,0
13,0,5,29,186,15.6,2,0
13,0,5,30,186,16.1,2,0
13,0,5,31,186,16.7,2,0
13,0,5,32,186,17.2,2,0
13,0,5,33,186,17.7,2,0
13,0,5,34,186,18.3,2,0
13,0,5,35,186,18.8,2,0
13,0,5,36,186,19.4,2,0
13,0,5,37,186,19.9,2,0
13,0,5,38,186,20.4,2,0
13,0,5,39,186,21.0,2,0
13,0,5,40,186,21.5,2,0
13,0,5,41,186,22.0,2,0
13,0,5,42,186,22.6,2,0
13,0,5,43,186,23.1,2,0
13,0,5,44,186,23.7,2,0
13,0,5,45,186,24.2,2,0
13,0,5,46,186,24.7,2,0
13,0,5,47,186,25.3,2,0
13,0,5,48,186,25.8,2,0
13,0,5,49,186,26.3,2,0
13,0,5,50,186,26.9,2,0
13,0,5,51,186,27.4,2,0
13,0,5,52,186,28.0,2,0
13,0,5,53,186,28.5,2,0
13,0,5,54,186,29.0,2,0
13,0,5,55,186,29.6,2,0
13,0,5,56,186,30.1,2,0
13,0,5,57,186,30.6,2,0
13,0,5,58,186,31.2,2,0
13,0,5,59,186,31.7,2,0
13,0,5,60,186,32.3,2,0
13,0,5,61,186,32.8,2,0
13,0,5,62,186,33.3,2,0
13,0,5,63,186,33.9,2,0
13,0,5,64,186,34.4,2,0
13,0,5,65,186,34.9,2,0
13,0,5,66,186,35.5,2,0
13,0,5,67,186,36.0,2,0
13,0,5,68,186,36.6,2,0
13,0,5,69,186,37.1,2,0
13,0,5,70,186,37.6,2,0
13,0,5,71,186,38.2,2,0
13,0,5,72,186,38.7,2,0
13,0,5,73,186,39.2,2,0
13,0,5,74,186,39.8,2,0
13,0,5,75,186,40.3,2,0
13,0,5,76,186,40.9,2,0
13,0,5,77,186,41.4,2,0
13,0,5,78,186,41.9,2,0
13,0,5,79,186,42.5,2,0
13,0,5,80,186,43.0,2,0
13,0,5,81,186,43.5,2,0
13,0,5,82,186,44.1,2,0
13,0,5,83,186,44.6,2,0
13,0,5,84,186,45.2,2,0
13,0,5,85,186,45.7,2,0
13,0,5,86,186,46.2,2,0
13,0,5,87,186,46.8,2,0
13,0,5,88,186,47.3,2,0
13,0,5,89,186,47.8,2,0
13,0,5,90,186,48.4,2,0
13,0,5,91,186,48.9,2,0
13,0,5,92,186,49.5,2,0
13,0,5,93,186,50.0,2,0
13,0,5,94,186,50.5,2,0
13,0,5,95,186,51.1,2,0
13,0,5,96,186,51.6,2,0
13,0,5,97,186,52.2,2,0
13,0,5,98,186,52.7,2,0
13,0,5,99,186,53.2,2,0
13,0,5,100,186,53.8,2,0
13,0,5,101,186,54.3,2,0
13,0,5,102,186,54.8,2,0
13,0,5,103,186,55.4,2,0
13,0,5,104,186,55.9,2,0
13,0,5,105,186,56.5,2,0
13,0,5,106,186,57.0,2,0
13,0,5,107,186,57.5,2,0
13,0,5,108,186,58.1,2,0
13,0,5,109,186,58.6,2,0
13,0,5,110,186,59.1,2,0
13,0,5,111,186,59.7,2,0
13,0,5,112,186,60.2,2,0
13,0,5,113,186,60.8,2,0
13,0,5,114,186,61.3,2,0
13,0,5,115,186,61.8,2,0
13,0,5,116,186,62.4,2,0
13,0,5,117,186,62.9,2,0
13,0,5,118,186,63.4,2,0
13,0,5,119,186,64.0,2,0
13,0,5,120,186,64.5,2,0
13,0,5,121,186,65.1,2,0
13,0,5,122,186,65.6,2,0
13,0,5,123,186,66.1,2,0
13,0,5,124,186,66.7,2,0
13,0,5,125,186,67.2,2,0
13,0,5,126,186,67.7,2,0
13,0,5,127,186,68.3,2,0
13,0,5,128,186,68.8,2,0
13,0,5,129,186,69.4,2,0
13,0,5,130,186,69.9,2,0
13,0,5,131,186,70.4,2,0
13,0,5,132,186,71.0,2,0
13,0,5,133,186,71.5,2,0
13,0,5,134,186,72.0,2,0
13,0,5,135,186,72.6,2,0
13,0,5,136,186,73.1,2,0
13,0,5,137,186,73.7,2,0
13,0,5,138,186,74.2,2,0
13,0,5,139,186,74.7,2,0
13,0,5,140,186,75.3,2,0
13,0,5,141,186,75.8,2,0
13,0,5,142,186,76.3,2,0
13,0,5,143,186,76.9,2,0
13,0,5,144,186,77.4,2,0
13,0,5,145,186,78.0,2,0
13,0,5,146,186,78.5,2,0
13,0,5,147,186,79.0,2,0
13,0,5,148,186,79.6,2,0
13,0,5,149,186,80.1,2,0
13,0,5,150,186,80.6,2,0
13,0,5,151,186,81.2,2,0
13,0,5,152,186,81.7,2,0
13,0,5,153,186,82.3,2,0
13,0,5,154,186,82.8,2,0
13,0,5,155,186,83.3,2,0
13,0,5,156,186,83.9,2,0
13,0,5,157,186,84.4,2,0
13,0,5,158,186,84.9,2,0
13,0,5,159,186,85.5,2,0
13,0,5,160,186,86.0,2,0
13,0,5,161,186,86.6,2,0
13,0,5,162,186,87.1,2,0
13,0,5,163,186,87.6,2,0
13,0,5,164,186,88.2,2,0
13,0,5,165,186,88.7,2,0
13,0,5,166,186,89.2,2,0
13,0,5,167,186,89.8,2,0
13,0,5,168,186,90.3,2,0
13,0,5,169,186,90.9,2,0
13,0,5,170,186,91.4,2,0
13,0,5,171,186,91.9,2,0
13,0,5,172,186,92.5,2,0
13,0,5,173,186,93.0,2,0
13,0,5,174,186,93.5,2,0
13,0,5,175,186,94.1,2,0
13,0,5,176,186,94.6,2,0
13,0,5,177,186,95.2,2,0
13,0,5,178,186,95.7,2,0
13,0,5,179,186,96.2,2,0
13,0,5,180,186,96.8,2,0
13,0,5,181,186,97.3,2,0
13,0,5,182,186,97.8,2,0
13,0,5,183,186,98.4,2,0
13,0,5,184,186,98.9,2,0
13,0,5,185,186,99.5,2,0
13,0,10,0,224,0.0,1,2
13,0,10,1,224,0.4,1,2
13,0,10,2,224,0.9,1,2
13,0,10,3,224,1.3,1,2
13,0,10,4,224,1.8,1,2
13,0,10,5,224,2.2,1,2
13,0,10,6,224,2.7,1,2
13,0,10,7,224,3.1,1,2
13,0,10,8,224,3.6,1,2
13,0,10,9,224,4.0,1,2
13,0,10,10,224,4.5,1,2
13,0,10,11,224,4.9,1,2
13,0,10,12,224,5.4,1,2
13,0,11,0,222,0.0,0,1
13,0,11,1,222,0.5,0,1
13,0,11,2,222,0.9,0,1
13,0,11,3,222,1.4,0,1
13,0,11,4,222,1.8,0,1
13,0,11,5,222,2.3,0,1
13,0,11,6,222,2.7,0,1
13,0,11,7,222,3.2,0,1
13,0,11,8,222,3.6,0,1
13,0,11,9,222,4.1,0,1
13,0,11,10,222,4.5,0,1
13,0,11,11,222,5.0,0,1
13,0,11,12,222,5.4,0,1
13,0,11,13,222,5.9,0,1
13,0,11,14,222,6.3,0,1
13,0,11,15,222,6.8,0,1
13,0,11,16,222,7.2,0,1
13,0,11,17,222,7.7,0,1
13,0,11,18,222,8.1,0,1
13,0,11,19,222,8.6,0,1
13,0,11,20,222,9.0,0,1
13,0,11,21,222,9.5,0,1
13,0,11,22,222,9.9,0,1
13,0,11,23,222,10.4,0,1
13,0,11,24,222,10.8,0,1
13,0,11,25,222,11.3,0,1
13,0,11,26,222,11.7,0,1
13,0,11,27,222,12.2,0,1
13,0,11,28,222,12.6,0,1
13,0,11,29,222,13.1,0,1
13,0,11,30,222,13.5,0,1
13,0,11,31,222,14.0,0,1
13,0,11,32,222,14.4,0,1
13,0,11,33,222,14.9,0,1
13,0,11,34,222,15.3,0,1
13,0,11,35,222,15.8,0,1
13,0,11,36,222,16.2,0,1
13,0,11,37,222,16.7,0,1
13,0,11,38,222,17.1,0,1
13,0,11,39,222,17.6,0,1
13,0,11,40,222,18.0,0,1
13,0,11,41,222,18.5,0,1
13,0,11,42,222,18.9,0,1
13,0,11,43,222,19.4,0,1
13,0,11,44,222,19.8,0,1
13,0,11,45,222,20.3,0,1
13,0,11,46,222,20.7,0,1
13,0,11,47,222,21.2,0,1
13,0,11,48,222,21.6,0,1
13,0,11,49,222,22.1,0,1
13,0,11,50,222,22.5,0,1
13,0,11,51,222,23.0,0,1
13,0,11,52,222,23.4,0,1
13,0,11,53,222,23.9,0,1
13,0,11,54,222,24.3,0,1
13,0,11,55,222,24.8,0,1
13,0,11,56,222,25.2,0,1
13,0,11,57,222,25.7,0,1
13,0,11,58,222,26.1,0,1
13,0,11,59,222,26.6,0,1
13,0,11,60,222,27.0,0,1
13,0,11,61,222,27.5,0,1
13,0,11,62,222,27.9,0,1
13,0,11,63,222,28.4,0,1
13,0,11,64,222,28.8,0,1
13,0,11,65,222,29.3,0,1
13,0,11,66,222,29.7,0,1
13,0,11,67,222,30.2,0,1
13,0,11,68,222,30.6,0,1
13,0,11,69,222,31.1,0,1
13,0,11,70,222,31.5,0,1
13,0,11,71,222,32.0,0,1
13,0,11,72,222,32.4,0,1
13,0,11,73,222,32.9,0,1
13,0,11,74,222,33.3,0,1
13,0,11,75,222,33.8,0,1
13,0,11,76,222,34.2,0,1
13,0,11,77,222,34.7,0,1
13,0,11,78,222,35.1,0,1
13,0,11,79,222,35.6,0,1
13,0,11,80,222,36.0,0,1
13,0,11,81,222,36.5,0,1
13,0,11,82,222,36.9,0,1
13,0,11,83,222,37.4,0,1
13,0,11,84,222,37.8,0,1
13,0,11,85,222,38.3,0,1
13,0,11,86,222,38.7,0,1
13,0,11,87,222,39.2,0,1
13,0,11,88,222,39.6,0,1
13,0,11,89,222,40.1,0,1
13,0,11,90,222,40.5,0,1
13,0,11,91,222,41.0,0,1
13,0,11,92,222,41.4,0,1
13,0,11,93,222,41.9,0,1
13,0,11,94,222,42.3,0,1
13,0,11,95,222,42.8,0,1
13,0,11,96,222,43.2,0,1
13,0,11,97,222,43.7,0,1
13,0,11,98,222,44.1,0,1
13,0,11,99,222,44.6,0,1
13,0,11,100,222,45.0,0,1
13,0,11,101,222,45.5,0,1
13,0,11,102,222,45.9,0,1
13,0,11,103,222,46.4,0,1
13,0,11,104,222,46.8,0,1
13,0,11,105,222,47.3,0,1
13,0,11,106,222,47.7,0,1
13,0,11,107,222,48.2,0,1
13,0,11,108,222,48.6,0,1
13,0,11,109,222,49.1,0,1
13,0,11,110,222,49.5,0,1
13,0,11,111,222,50.0,0,1
13,0,11,112,222,50.5,0,1
13,0,11,113,222,50.9,0,1
13,0,11,114,222,51.4,0,1
13,0,11,115,222,51.8,0,1
13,0,11,116,222,52.3,0,1
13,0,11,117,222,52.7,0,1
13,0,11,118,222,53.2,0,1
13,0,11,119,222,53.6,0,1
13,0,11,120,222,54.1,0,1
13,0,11,121,222,54.5,0,1
13,0,11,122,222,55.0,0,1
13,0,11,123,222,55.4,0,1
13,0,11,124,222,55.9,0,1
13,0,11,125,222,56.3,0,1
13,0,11,126,222,56.8,0,1
13,0,11,127,222,57.2,0,1
13,0,11,128,222,57.7,0,1
13,0,11,129,222,58.1,0,1
13,0,11,130,222,58.6,0,1
13,0,11,131,222,59.0,0,1
13,0,11,132,222,59.5,0,1
13,0,11,133,222,59.9,0,1
13,0,11,134,222,60.4,0,1
13,0,11,135,222,60.8,0,1
13,0,11,136,222,61.3,0,1
13,0,11,137,222,61.7,0,1
13,0,11,138,222,62.2,0,1
13,0,11,139,222,62.6,0,1
13,0,11,140,222,63.1,0,1
13,0,11,141,222,63.5,0,1
13,0,11,142,222,64.0,0,1
13,0,11,143,222,64.4,0,1
13,0,11,144,222,64.9,0,1
13,0,11,145,222,65.3,0,1
13,0,11,146,222,65.8,0,1
13,0,11,147,222,66.2,0,1
13,0,11,148,222,66.7,0,1
13,0,11,149,222,67.1,0,1
13,0,11,150,222,67.6,0,1
13,0,11,151,222,68.0,0,1
13,0,11,152,222,68.5,0,1
13,0,11,153,222,68.9,0,1
13,0,11,154,222,69.4,0,1
13,0,11,155,222,69.8,0,1
13,0,11,156,222,70.3,0,1
13,0,11,157,222,70.7,0,1
13,0,11,158,222,71.2,0,1
13,0,11,159,222,71.6,0,1
13,0,11,160,222,72.1,0,1
13,0,11,161,222,72.5,0,1
13,0,11,162,222,73.0,0,1
13,0,11,163,222,73.4,0,1
13,0,11,164,222,73.9,0,1
13,0,11,165,222,74.3,0,1
13,0,11,166,222,74.8,0,1
13,0,11,167,222,75.2,0,1
13,0,11,168,222,75.7,0,1
13,0,11,169,222,76.1,0,1
13,0,11,170,222,76.6,0,1
13,0,11,171,222,77.0,0,1
13,0,11,172,222,77.5,0,1
13,0,11,173,222,77.9,0,1
13,0,11,174,222,78.4,0,1
13,0,11,175,222,78.8,0,1
13,0,11,176,222,79.3,0,1
13,0,11,177,222,79.7,0,1
13,0,11,178,222,80.2,0,1
13,0,11,179,222,80.6,0,1
13,0,11,180,222,81.1,0,1
13,0,11,181,222,81.5,0,1
13,0,11,182,222,82.0,0,1
13,0,11,183,222,82.4,0,1
13,0,11,184,222,82.9,0,1
13,0,11,185,222,83.3,0,1
13,0,11,186,222,83.8,0,1
13,0,11,187,222,84.2,0,1
13,0,11,188,222,84.7,0,1
13,0,11,189,222,85.1,0,1
13,0,11,190,222,85.6,0,1
13,0,11,191,222,86.0,0,1
13,0,11,192,222,86.5,0,1
13,0,11,193,222,86.9,0,1
13,0,11,194,222,87.4,0,1
13,0,11,195,222,87.8,0,1
13,0,11,196,222,88.3,0,1
13,0,11,197,222,88.7,0,1
13,0,11,198,222,89.2,0,1
13,0,11,199,222,89.6,0,1
13,0,11,200,222,90.1,0,1
13,0,11,201,222,90.5,0,1
13,0,11,202,222,91.0,0,1
13,0,11,203,222,91.4,0,1
13,0,11,204,222,91.9,0,1
13,0,11,205,222,92.3,0,1
13,0,11,206,222,92.8,0,1
13,0,11,207,222,93.2,0,1
13,0,11,208,222,93.7,0,1
13,0,11,209,222,94.1,0,1
13,0,11,210,222,94.6,0,1
13,0,11,211,222,95.0,0,1
13,0,11,212,222,95.5,0,1
13,0,11,213,222,95.9,0,1
13,0,11,214,222,96.4,0,1
13,0,11,215,222,96.8,0,1
13,0,11,216,222,97.3,0,1
13,0,11,217,222,97.7,0,1
13,0,11,218,222,98.2,0,1
13,0,11,219,222,98.6,0,1
13,0,11,220,222,99.1,0,1
13,0,11,221,222,99.5,0,1
13,0,13,0,227,0.0,2,0
13,0,13,1,227,0.4,2,0
13,0,13,2,227,0.9,2,0
13,0,13,3,227,1.3,2,0
13,0,13,4,227,1.8,2,0
13,0,13,5,227,2.2,2,0
13,0,13,6,227,2.6,2,0
13,0,13,7,227,3.1,2,0
13,0,13,8,227,3.5,2,0
13,0,13,9,227,4.0,2,0
13,0,13,10,227,4.4,2,0
13,0,13,11,227,4.8,2,0
13,0,13,12,227,5.3,2,0
13,0,13,13,227,5.7,2,0
13,0,13,14,227,6.2,2,0
13,0,13,15,227,6.6,2,0
13,0,13,16,227,7.0,2,0
13,0,13,17,227,7.5,2,0
13,0,13,18,227,7.9,2,0
13,0,13,19,227,8.4,2,0
13,0,13,20,227,8.8,2,0
13,0,13,21,227,9.3,2,0
13,0,13,22,227,9.7,2,0
13,0,13,23,227,10.1,2,0
13,0,13,24,227,10.6,2,0
13,0,13,25,227,11.0,2,0
13,0,13,26,227,11.5,2,0
13,0,13,27,227,11.9,2,0
13,0,13,28,227,12.3,2,0
13,0,13,29,227,12.8,2,0
13,0,13,30,227,13.2,2,0
13,0,13,31,227,13.7,2,0
13,0,13,32,227,14.1,2,0
13,0,13,33,227,14.5,2,0
13,0,13,34,227,15.0,2,0
13,0,13,35,227,15.4,2,0
13,0,13,36,227,15.9,2,0
13,0,13,37,227,16.3,2,0
13,0,13,38,227,16.7,2,0
13,0,13,39,227,17.2,2,0
13,0,13,40,227,17.6,2,0
13,0,13,41,227,18.1,2,0
13,0,13,42,227,18.5,2,0
13,0,13,43,227,18.9,2,0
13,0,13,44,227,19.4,2,0
13,0,13,45,227,19.8,2,0
13,0,13,46,227,20.3,2,0
13,0,13,47,227,20.7,2,0
13,0,13,48,227,21.1,2,0
13,0,13,49,227,21.6,2,0
13,0,13,50,227,22.0,2,0
13,0,13,51,227,22.5,2,0
13,0,13,52,227,22.9,2,0
13,0,13,53,227,23.3,2,0
13,0,13,54,227,23.8,2,0
13,0,13,55,227,24.2,2,0
13,0,13,56,227,24.7,2,0
13,0,13,57,227,25.1,2,0
13,0,13,58,227,25.6,2,0
13,0,13,59,227,26.0,2,0
13,0,13,60,227,26.4,2,0
13,0,13,61,227,26.9,2,0
13,0,13,62,227,27.3,2,0
13,0,13,63,227,27.8,2,0
13,0,13,64,227,28.2,2,0
13,0,13,65,227,28.6,2,0
13,0,13,66,227,29.1,2,0
13,0,13,67,227,29.5,2,0
13,0,13,68,227,30.0,2,0
13,0,13,69,227,30.4,2,0
13,0,13,70,227,30.8,2,0
13,0,13,71,227,31.3,2,0
13,0,13,72,227,31.7,2,0
13,0,13,73,227,32.2,2,0
13,0,13,74,227,32.6,2,0
13,0,13,75,227,33.0,2,0
13,0,13,76,227,33.5,2,0
13,0,13,77,227,33.9,2,0
13,0,13,78,227,34.4,2,0
13,0,13,79,227,34.8,2,0
13,0,13,80,227,35.2,2,0
13,0,13,81,227,35.7,2,0
13,0,13,82,227,36.1,2,0
13,0,13,83,227,36.6,2,0
13,0,13,84,227,37.0,2,0
13,0,13,85,227,37.4,2,0
13,0,13,86,227,37.9,2,0
13,0,13,87,227,38.3,2,0
13,0,13,88,227,38.8,2,0
13,0,13,89,227,39.2,2,0
13,0,13,90,227,39.6,2,0
13,0,13,91,227,40.1,2,0
13,0,13,92,227,40.5,2,0
13,0,13,93,227,41.0,2,0
13,0,13,94,227,41.4,2,0
13,0,13,95,227,41.9,2,0
13,0,13,96,227,42.3,2,0
13,0,13,97,227,42.7,2,0
13,0,13,98,227,43.2,2,0
13,0,13,99,227,43.6,2,0
13,0,13,100,227,44.1,2,0
13,0,13,101,227,44.5,2,0
13,0,13,102,227,44.9,2,0
13,0,13,103,227,45.4,2,0
13,0,13,104,227,45.8,2,0
13,0,13,105,227,46.3,2,0
13,0,13,106,227,46.7,2,0
13,0,13,107,227,47.1,2,0
13,0,13,108,227,47.6,2,0
13,0,13,109,227,48.0,2,0
13,0,13,110,227,48.5,2,0
13,0,13,111,227,48.9,2,0
13,0,13,112,227,49.3,2,0
13,0,13,113,227,49.8,2,0
13,0,13,114,227,50.2,2,0
13,0,13,115,227,50.7,2,0
13,0,13,116,227,51.1,2,0
13,0,13,117,227,51.5,2,0
13,0,13,118,227,52.0,2,0
13,0,13,119,227,52.4,2,0
13,0,13,120,227,52.9,2,0
13,0,13,121,227,53.3,2,0
13,0,13,122,227,53.7,2,0
13,0,13,123,227,54.2,2,0
13,0,13,124,227,54.6,2,0
13,0,13,125,227,55.1,2,0
13,0,13,126,227,55.5,2,0
13,0,13,127,227,55.9,2,0
13,0,13,128,227,56.4,2,0
13,0,13,129,227,56.8,2,0
13,0,13,130,227,57.3,2,0
13,0,13,131,227,57.7,2,0
13,0,13,132,227,58.1,2,0
13,0,13,133,227,58.6,2,0
13,0,13,134,227,59.0,2,0
13,0,13,135,227,59.5,2,0
13,0,13,136,227,59.9,2,0
13,0,13,137,227,60.4,2,0
13,0,13,138,227,60.8,2,0
13,0,13,139,227,61.2,2,0
13,0,13,140,227,61.7,2,0
13,0,13,141,227,62.1,2,0
13,0,13,142,227,62.6,2,0
13,0,13,143,227,63.0,2,0
13,0,13,144,227,63.4,2,0
13,0,13,145,227,63.9,2,0
13,0,13,146,227,64.3,2,0
13,0,13,147,227,64.8,2,0
13,0,13,148,227,65.2,2,0
13,0,13,149,227,65.6,2,0
13,0,13,150,227,66.1,2,0
13,0,13,151,227,66.5,2,0
13,0,13,152,227,67.0,2,0
13,0,13,153,227,67.4,2,0
13,0,13,154,227,67.8,2,0
13,0,13,155,227,68.3,2,0
13,0,13,156,227,68.7,2,0
13,0,13,157,227,69.2,2,0
13,0,13,158,227,69.6,2,0
13,0,13,159,227,70.0,2,0
13,0,13,160,227,70.5,2,0
13,0,13,161,227,70.9,2,0
13,0,13,162,227,71.4,2,0
13,0,13,163,227,71.8,2,0
13,0,13,164,227,72.2,2,0
13,0,13,165,227,72.7,2,0
13,0,13,166,227,73.1,2,0
13,0,13,167,227,73.6,2,0
13,0,13,168,227,74.0,2,0
13,0,13,169,227,74.4,2,0
13,0,13,170,227,74.9,2,0
13,0,13,171,227,75.3,2,0
13,0,13,172,227,75.8,2,0
13,0,13,173,227,76.2,2,0
13,0,13,174,227,76.7,2,0
13,0,13,175,227,77.1,2,0
13,0,13,176,227,77.5,2,0
13,0,13,177,227,78.0,2,0
13,0,13,178,227,78.4,2,0
13,0,13,179,227,78.9,2,0
13,0,13,180,227,79.3,2,0
13,0,13,181,227,79.7,2,0
13,0,13,182,227,80.2,2,0
13,0,13,183,227,80.6,2,0
13,0,13,184,227,81.1,2,0
13,0,13,185,227,81.5,2,0
13,0,13,186,227,81.9,2,0
13,0,13,187,227,82.4,2,0
13,0,13,188,227,82.8,2,0
13,0,13,189,227,83.3,2,0
13,0,13,190,227,83.7,2,0
13,0,13,191,227,84.1,2,0
13,0,13,192,227,84.6,2,0
13,0,13,193,227,85.0,2,0
13,0,13,194,227,85.5,2,0
13,0,13,195,227,85.9,2,0
13,0,13,196,227,86.3,2,0
13,0,13,197,227,86.8,2,0
13,0,13,198,227,87.2,2,0
13,0,13,199,227,87.7,2,0
13,0,13,200,227,88.1,2,0
13,0,13,201,227,88.5,2,0
13,0,13,202,227,89.0,2,0
13,0,13,203,227,89.4,2,0
13,0,13,204,227,89.9,2,0
13,0,13,205,227,90.3,2,0
13,0,13,206,227,90.7,2,0
13,0,13,207,227,91.2,2,0
13,0,13,208,227,91.6,2,0
13,0,13,209,227,92.1,2,0
13,0,13,210,227,92.5,2,0
13,0,13,211,227,93.0,2,0
13,0,13,212,227,93.4,2,0
13,0,13,213,227,93.8,2,0
13,0,13,214,227,94.3,2,0
13,0,13,215,227,94.7,2,0
13,0,13,216,227,95.2,2,0
13,0,13,217,227,95.6,2,0
13,0,13,218,227,96.0,2,0
13,0,13,219,227,96.5,2,0
13,0,13,220,227,96.9,2,0
13,0,13,221,227,97.4,2,0
13,0,13,222,227,97.8,2,0
13,0,13,223,227,98.2,2,0
13,0,13,224,227,98.7,2,0
13,0,13,225,227,99.1,2,0
13,0,13,226,227,99.6,2,0
13,0,14,0,196,0.0,0,2
13,0,14,1,196,0.5,0,2
13,0,14,2,196,1.0,0,2
13,0,14,3,196,1.5,0,2
13,0,14,4,196,2.0,0,2
13,0,14,5,196,2.6,0,2
13,0,14,6,196,3.1,0,2
13,0,14,7,196,3.6,0,2
13,0,14,8,196,4.1,0,2
13,0,14,9,196,4.6,0,2
13,0,14,10,196,5.1,0,2
13,0,14,11,196,5.6,0,2
13,0,14,134,196,68.4,0,2
13,0,14,135,196,68.9,0,2
13,0,14,136,196,69.4,0,2
13,0,14,137,196,69.9,0,2
13,0,14,138,196,70.4,0,2
13,0,14,139,196,70.9,0,2
13,0,14,140,196,71.4,0,2
13,0,14,141,196,71.9,0,2
13,0,14,142,196,72.4,0,2
13,0,14,143,196,73.0,0,2
13,0,14,144,196,73.5,0,2
13,0,14,145,196,74.0,0,2
13,0,14,146,196,74.5,0,2
13,0,14,147,196,75.0,0,2
13,0,14,148,196,75.5,0,2
13,0,14,149,196,76.0,0,2
13,0,14,150,196,76.5,0,2
13,0,14,151,196,77.0,0,2
13,0,14,152,196,77.6,0,2
13,0,14,153,196,78.1,0,2
13,0,14,154,196,78.6,0,2
13,0,14,155,196,79.1,0,2
13,0,14,156,196,79.6,0,2
13,0,14,157,196,80.1,0,2
13,0,14,158,196,80.6,0,2
13,0,14,159,196,81.1,0,2
13,0,14,160,196,81.6,0,2
13,0,14,161,196,82.1,0,2
13,0,14,162,196,82.7,0,2
13,0,14,163,196,83.2,0,2
13,0,14,164,196,83.7,0,2
13,0,14,165,196,84.2,0,2
13,0,14,166,196,84.7,0,2
13,0,14,167,196,85.2,0,2
13,0,14,168,196,85.7,0,2
13,0,14,169,196,86.2,0,2
13,0,14,170,196,86.7,0,2
13,0,14,171,196,87.2,0,2
13,0,14,172,196,87.8,0,2
13,0,14,173,196,88.3,0,2
13,0,14,174,196,88.8,0,2
13,0,14,175,196,89.3,0,2
13,0,14,176,196,89.8,0,2
13,0,14,177,196,90.3,0,2
13,0,14,178,196,90.8,0,2
13,0,14,179,196,91.3,0,2
13,0,14,180,196,91.8,0,2
13,0,14,181,196,92.3,0,2
13,0,14,182,196,92.9,0,2
13,0,14,183,196,93.4,0,2
13,0,14,184,196,93.9,0,2
13,0,14,185,196,94.4,0,2
13,0,14,186,196,94.9,0,2
13,0,14,187,196,95.4,0,2
13,0,14,188,196,95.9,0,2
13,0,14,189,196,96.4,0,2
13,0,14,190,196,96.9,0,2
13,0,14,191,196,97.4,0,2
13,0,14,192,196,98.0,0,2
13,0,14,193,196,98.5,0,2
13,0,14,194,196,99.0,0,2
13,0,14,195,196,99.5,0,2
